setup_time,entry_time,exit_time,direction,entry_price,exit_price,stop_loss,take_profit,result_status,r_multiple,bars_held,session
2026-07-30 11:10:00-04:00,2026-07-30 13:25:00-04:00,2026-07-30 13:30:00-04:00,LONG,4158.39990234375,4161.39990234375,4156.89990234375,4161.39990234375,WIN,2.0,1,UNKNOWN
2026-08-04 09:05:00-04:00,2026-08-04 09:45:00-04:00,2026-08-04 09:50:00-04:00,LONG,4136.550048828125,4141.249755859375,4134.2001953125,4141.249755859375,WIN,2.0,1,UNKNOWN
2026-08-07 00:40:00-04:00,2026-08-07 01:20:00-04:00,2026-08-07 01:30:00-04:00,LONG,4324.9501953125,4327.4501953125,4323.7001953125,4327.4501953125,WIN,2.0,2,UNKNOWN
2026-08-07 00:40:00-04:00,2026-08-07 01:40:00-04:00,2026-08-07 01:45:00-04:00,LONG,4326.849853515625,4332.949951171875,4323.7998046875,4332.949951171875,WIN,2.0,1,UNKNOWN
2026-08-07 05:30:00-04:00,2026-08-07 06:10:00-04:00,2026-08-07 06:30:00-04:00,LONG,4366.150146484375,4375.250244140625,4361.60009765625,4375.250244140625,WIN,2.0,4,UNKNOWN
2026-08-10 21:00:00-04:00,2026-08-10 21:30:00-04:00,2026-08-10 21:50:00-04:00,LONG,4465.800048828125,4491.400146484375,4453.0,4491.400146484375,WIN,2.0,4,UNKNOWN
2026-08-10 21:00:00-04:00,2026-08-10 22:05:00-04:00,2026-08-10 22:10:00-04:00,LONG,4479.25,4486.9501953125,4475.39990234375,4486.9501953125,WIN,2.0,1,UNKNOWN
2026-08-12 06:45:00-04:00,2026-08-12 07:30:00-04:00,2026-08-12 08:05:00-04:00,LONG,4470.85009765625,4467.2001953125,4467.2001953125,4478.14990234375,LOSS,-1.0,7,UNKNOWN
2026-08-19 23:10:00-04:00,2026-08-20 00:00:00-04:00,2026-08-20 00:25:00-04:00,LONG,4552.4501953125,4550.7001953125,4550.7001953125,4555.9501953125,LOSS,-1.0,5,UNKNOWN
2026-08-24 01:30:00-04:00,2026-08-24 02:25:00-04:00,2026-08-24 02:30:00-04:00,LONG,4695.949951171875,4702.649658203125,4692.60009765625,4702.649658203125,WIN,2.0,1,UNKNOWN
2026-08-24 06:45:00-04:00,2026-08-24 08:30:00-04:00,2026-08-24 08:35:00-04:00,LONG,4700.550048828125,4705.850341796875,4697.89990234375,4705.850341796875,WIN,2.0,1,UNKNOWN
2026-08-24 08:30:00-04:00,2026-08-24 09:20:00-04:00,2026-08-24 09:25:00-04:00,LONG,4722.2001953125,4728.2001953125,4719.2001953125,4728.2001953125,WIN,2.0,1,UNKNOWN
2026-08-25 13:05:00-04:00,2026-08-25 14:00:00-04:00,2026-08-25 14:05:00-04:00,LONG,4701.599853515625,4704.999755859375,4699.89990234375,4704.999755859375,WIN,2.0,1,UNKNOWN
2026-08-28 01:25:00-04:00,2026-08-28 02:05:00-04:00,2026-08-28 02:15:00-04:00,SHORT,4633.5498046875,4636.7998046875,4636.7998046875,4627.0498046875,LOSS,-1.0,2,UNKNOWN
2026-08-28 08:20:00-04:00,2026-08-28 08:45:00-04:00,2026-08-28 09:05:00-04:00,SHORT,4651.5,4656.39990234375,4656.39990234375,4641.7001953125,LOSS,-1.0,4,UNKNOWN
2026-09-01 07:45:00-04:00,2026-09-01 08:25:00-04:00,2026-09-01 08:30:00-04:00,SHORT,4430.0,4418.599609375,4435.7001953125,4418.599609375,WIN,2.0,1,UNKNOWN
2026-09-08 08:10:00-04:00,2026-09-08 09:00:00-04:00,2026-09-08 09:15:00-04:00,LONG,4444.800048828125,4454.999755859375,4439.7001953125,4454.999755859375,WIN,2.0,3,UNKNOWN
2026-09-10 00:40:00-04:00,2026-09-10 02:20:00-04:00,2026-09-10 02:25:00-04:00,LONG,4452.300048828125,4456.900146484375,4450.0,4456.900146484375,WIN,2.0,1,UNKNOWN
2026-09-13 20:05:00-04:00,2026-09-13 20:40:00-04:00,2026-09-13 20:45:00-04:00,SHORT,4379.699951171875,4381.7998046875,4381.7998046875,4375.500244140625,LOSS,-1.0,1,UNKNOWN
