setup_time,entry_time,exit_time,direction,status,r,bars_held,session
2025-06-11 02:20:00,2025-06-11 03:00:00,2025-06-11 03:05:00,LONG,WIN,2.0,1,UNKNOWN
2025-06-19 21:10:00,2025-06-20 02:15:00,2025-06-20 02:30:00,SHORT,WIN,2.0,3,UNKNOWN
2025-07-02 02:50:00,2025-07-02 03:25:00,2025-07-02 04:00:00,LONG,WIN,2.0,7,UNKNOWN
2025-07-16 04:15:00,2025-07-16 06:20:00,2025-07-16 06:25:00,SHORT,LOSS,-1.0,1,UNKNOWN
2025-07-16 15:05:00,2025-07-16 15:50:00,2025-07-16 16:15:00,SHORT,LOSS,-1.0,5,UNKNOWN
2025-07-18 12:35:00,2025-07-18 13:10:00,2025-07-18 14:35:00,SHORT,LOSS,-1.0,17,UNKNOWN
2025-09-02 14:25:00,2025-09-02 15:15:00,2025-09-02 15:35:00,LONG,LOSS,-1.0,4,UNKNOWN
2025-09-04 03:05:00,2025-09-04 04:00:00,2025-09-04 04:15:00,LONG,LOSS,-1.0,3,UNKNOWN
2025-09-04 12:55:00,2025-09-04 13:20:00,2025-09-04 14:05:00,LONG,LOSS,-1.0,9,UNKNOWN
2025-09-04 14:05:00,2025-09-04 14:50:00,2025-09-04 14:55:00,LONG,LOSS,-1.0,1,UNKNOWN
2025-09-04 16:05:00,2025-09-04 16:35:00,2025-09-04 16:40:00,LONG,LOSS,-1.0,1,UNKNOWN
2025-09-05 01:45:00,2025-09-05 02:20:00,2025-09-05 02:25:00,LONG,WIN,2.0,1,UNKNOWN
2025-09-05 14:50:00,2025-09-05 15:00:00,2025-09-05 15:05:00,LONG,WIN,2.0,1,UNKNOWN
2025-09-09 01:30:00,2025-09-09 02:10:00,2025-09-09 02:15:00,LONG,LOSS,-1.0,1,UNKNOWN
2025-09-10 08:25:00,2025-09-10 08:40:00,2025-09-10 08:45:00,SHORT,WIN,2.0,1,UNKNOWN
2025-09-10 13:35:00,2025-09-10 14:05:00,2025-09-10 14:30:00,SHORT,WIN,2.0,5,UNKNOWN
2025-09-10 15:30:00,2025-09-10 16:00:00,2025-09-10 16:05:00,SHORT,WIN,2.0,1,UNKNOWN
2025-09-11 15:30:00,2025-09-11 16:20:00,2025-09-11 16:25:00,SHORT,WIN,2.0,1,UNKNOWN
2025-09-11 21:05:00,2025-09-11 22:05:00,2025-09-11 22:10:00,SHORT,WIN,2.0,1,UNKNOWN
2025-09-11 22:35:00,2025-09-12 01:00:00,2025-09-12 01:05:00,SHORT,LOSS,-1.0,1,UNKNOWN
2025-09-16 18:30:00,2025-09-16 19:40:00,2025-09-16 19:45:00,LONG,WIN,2.0,1,UNKNOWN
2025-09-17 05:35:00,2025-09-17 06:00:00,2025-09-17 08:00:00,LONG,WIN,2.0,24,UNKNOWN
2025-09-26 04:05:00,2025-09-26 05:00:00,2025-09-26 05:10:00,SHORT,WIN,2.0,2,UNKNOWN
2025-10-20 11:30:00,2025-10-20 11:55:00,2025-10-20 12:05:00,SHORT,WIN,2.0,2,UNKNOWN
2025-11-05 18:10:00,2025-11-05 19:05:00,2025-11-05 19:10:00,LONG,WIN,2.0,1,UNKNOWN
2025-11-07 17:40:00,2025-11-07 19:15:00,2025-11-07 19:20:00,LONG,WIN,2.0,1,UNKNOWN
2025-11-14 05:20:00,2025-11-14 05:55:00,2025-11-14 06:10:00,SHORT,WIN,2.0,3,UNKNOWN
2025-11-24 12:00:00,2025-11-24 12:55:00,2025-11-24 13:00:00,SHORT,WIN,2.0,1,UNKNOWN
2025-11-28 03:40:00,2025-11-28 04:35:00,2025-11-28 05:00:00,SHORT,LOSS,-1.0,5,UNKNOWN
2025-12-01 01:00:00,2025-12-01 01:20:00,2025-12-01 02:25:00,SHORT,LOSS,-1.0,13,UNKNOWN
2025-12-01 06:45:00,2025-12-01 08:45:00,2025-12-01 08:50:00,SHORT,WIN,2.0,1,UNKNOWN
2025-12-09 05:20:00,2025-12-09 06:10:00,2025-12-09 06:35:00,SHORT,WIN,2.0,5,UNKNOWN
2026-06-12 15:15:00,2026-06-12 16:20:00,2026-06-12 16:30:00,SHORT,WIN,2.0,2,UNKNOWN
2026-06-12 16:35:00,2026-06-12 17:15:00,2026-06-12 17:20:00,SHORT,WIN,2.0,1,UNKNOWN
2026-06-23 02:35:00,2026-06-23 03:00:00,2026-06-23 03:05:00,SHORT,WIN,2.0,1,UNKNOWN
2026-06-25 22:45:00,2026-06-26 01:40:00,2026-06-26 02:45:00,LONG,LOSS,-1.0,13,UNKNOWN
2026-06-29 03:20:00,2026-06-29 04:00:00,2026-06-29 04:05:00,LONG,WIN,2.0,1,UNKNOWN
2026-07-03 01:00:00,2026-07-03 01:15:00,2026-07-03 01:35:00,LONG,WIN,2.0,4,UNKNOWN
2026-07-10 08:30:00,2026-07-10 09:20:00,2026-07-10 09:25:00,LONG,LOSS,-1.0,1,UNKNOWN
2026-07-10 17:30:00,2026-07-10 17:50:00,2026-07-13 01:00:00,LONG,LOSS,-1.0,62,UNKNOWN
2026-07-16 05:35:00,2026-07-16 08:05:00,2026-07-16 08:15:00,LONG,WIN,2.0,2,UNKNOWN
2026-07-16 08:20:00,2026-07-16 09:10:00,2026-07-16 09:35:00,LONG,LOSS,-1.0,5,UNKNOWN
2026-07-16 14:15:00,2026-07-16 14:55:00,2026-07-16 15:15:00,LONG,LOSS,-1.0,4,UNKNOWN
2026-07-22 08:15:00,2026-07-22 09:05:00,2026-07-22 09:20:00,LONG,LOSS,-1.0,3,UNKNOWN
2026-07-28 22:30:00,2026-07-29 01:25:00,2026-07-29 01:30:00,SHORT,WIN,2.0,1,UNKNOWN
2026-07-31 08:50:00,2026-07-31 09:30:00,2026-07-31 10:25:00,LONG,LOSS,-1.0,11,UNKNOWN
2026-08-03 13:50:00,2026-08-03 14:45:00,2026-08-03 14:50:00,LONG,WIN,2.0,1,UNKNOWN
2026-08-06 08:30:00,2026-08-06 08:45:00,2026-08-06 09:35:00,LONG,LOSS,-1.0,10,UNKNOWN
2026-08-12 01:00:00,2026-08-12 01:20:00,2026-08-12 01:25:00,LONG,WIN,2.0,1,UNKNOWN
2026-08-12 01:00:00,2026-08-12 01:55:00,2026-08-12 02:00:00,LONG,LOSS,-1.0,1,UNKNOWN
2026-08-17 08:10:00,2026-08-17 08:35:00,2026-08-17 08:40:00,LONG,WIN,2.0,1,UNKNOWN
2026-09-02 09:10:00,2026-09-02 09:50:00,2026-09-02 10:05:00,SHORT,LOSS,-1.0,3,UNKNOWN
2026-09-09 22:35:00,2026-09-10 01:25:00,2026-09-10 01:30:00,LONG,WIN,2.0,1,UNKNOWN
2026-09-10 03:00:00,2026-09-10 03:45:00,2026-09-10 03:50:00,LONG,WIN,2.0,1,UNKNOWN
2026-09-11 15:30:00,2026-09-11 15:40:00,2026-09-11 15:55:00,LONG,WIN,2.0,3,UNKNOWN
2026-09-15 21:40:00,2026-09-15 22:15:00,2026-09-15 22:40:00,SHORT,WIN,2.0,5,UNKNOWN
