setup_time,direction,h1_trend,m15_trend,h1_cat,m15_cat,approved
2025-06-03 07:35:00,LONG,,,NEUTRAL,NEUTRAL,False
2025-06-03 08:45:00,SHORT,,,NEUTRAL,NEUTRAL,False
2025-06-03 16:05:00,SHORT,,,NEUTRAL,NEUTRAL,False
2025-06-03 22:00:00,SHORT,,BULLISH,NEUTRAL,CONFLICT,False
2025-06-03 22:50:00,LONG,,BULLISH,NEUTRAL,AGREE,False
2025-06-04 02:05:00,SHORT,,BULLISH,NEUTRAL,CONFLICT,False
2025-06-04 03:40:00,LONG,,BULLISH,NEUTRAL,AGREE,False
2025-06-04 12:25:00,SHORT,BULLISH,BULLISH,CONFLICT,CONFLICT,False
2025-06-04 17:30:00,SHORT,BULLISH,BULLISH,CONFLICT,CONFLICT,False
2025-06-04 18:35:00,LONG,BULLISH,BULLISH,AGREE,AGREE,True
2025-06-04 22:20:00,LONG,BULLISH,BULLISH,AGREE,AGREE,True
2025-06-05 03:40:00,LONG,BULLISH,BULLISH,AGREE,AGREE,True
2025-06-05 03:15:00,SHORT,BULLISH,BULLISH,CONFLICT,CONFLICT,False
2025-06-05 04:00:00,SHORT,BULLISH,BULLISH,CONFLICT,CONFLICT,False
2025-06-05 18:35:00,LONG,BULLISH,BULLISH,AGREE,AGREE,True
2025-06-06 06:10:00,LONG,BULLISH,BULLISH,AGREE,AGREE,True
2025-06-06 10:45:00,LONG,BULLISH,BULLISH,AGREE,AGREE,True
2025-06-06 14:30:00,SHORT,BULLISH,BEARISH,CONFLICT,AGREE,False
2025-06-06 18:35:00,SHORT,BEARISH,BEARISH,AGREE,AGREE,True
2025-06-06 22:55:00,LONG,BEARISH,BEARISH,CONFLICT,CONFLICT,False
2025-06-09 02:55:00,SHORT,BEARISH,BEARISH,AGREE,AGREE,True
2025-06-09 16:20:00,LONG,BEARISH,BULLISH,CONFLICT,AGREE,False
2025-06-10 01:40:00,LONG,BULLISH,BULLISH,AGREE,AGREE,True
2025-06-10 02:40:00,SHORT,BULLISH,BULLISH,CONFLICT,CONFLICT,False
2025-06-10 16:15:00,SHORT,BEARISH,BULLISH,AGREE,CONFLICT,False
2025-06-11 02:20:00,LONG,BULLISH,BEARISH,AGREE,CONFLICT,False
2025-06-11 03:40:00,SHORT,BULLISH,BEARISH,CONFLICT,AGREE,False
2025-06-11 04:50:00,LONG,BULLISH,BULLISH,AGREE,AGREE,True
2025-06-11 08:00:00,SHORT,BULLISH,BULLISH,CONFLICT,CONFLICT,False
2025-06-11 13:15:00,SHORT,BULLISH,BULLISH,CONFLICT,CONFLICT,False
2025-06-11 14:00:00,LONG,BULLISH,BEARISH,AGREE,CONFLICT,False
2025-06-11 20:05:00,LONG,BULLISH,BULLISH,AGREE,AGREE,True
2025-06-12 01:35:00,SHORT,BULLISH,BULLISH,CONFLICT,CONFLICT,False
2025-06-13 09:35:00,SHORT,BULLISH,BULLISH,CONFLICT,CONFLICT,False
2025-06-16 10:10:00,LONG,BULLISH,BEARISH,AGREE,CONFLICT,False
2025-06-16 12:10:00,SHORT,BULLISH,BEARISH,CONFLICT,AGREE,False
2025-06-16 12:50:00,LONG,BULLISH,BEARISH,AGREE,CONFLICT,False
2025-06-16 16:05:00,SHORT,BULLISH,BULLISH,CONFLICT,CONFLICT,False
2025-06-17 05:55:00,LONG,BEARISH,BEARISH,CONFLICT,CONFLICT,False
2025-06-18 04:30:00,SHORT,BEARISH,BULLISH,AGREE,CONFLICT,False
2025-06-18 05:30:00,LONG,BEARISH,BEARISH,CONFLICT,CONFLICT,False
2025-06-18 16:05:00,SHORT,BEARISH,BULLISH,AGREE,CONFLICT,False
2025-06-19 16:25:00,LONG,BEARISH,BULLISH,CONFLICT,AGREE,False
2025-06-19 21:10:00,SHORT,BEARISH,BULLISH,AGREE,CONFLICT,False
2025-06-20 01:10:00,LONG,BEARISH,BULLISH,CONFLICT,AGREE,False
2025-06-20 08:50:00,LONG,BEARISH,BEARISH,CONFLICT,CONFLICT,False
2025-06-20 15:05:00,LONG,BEARISH,BULLISH,CONFLICT,AGREE,False
2025-06-20 19:40:00,SHORT,BEARISH,BULLISH,AGREE,CONFLICT,False
2025-06-20 23:10:00,LONG,BEARISH,BULLISH,CONFLICT,AGREE,False
2025-06-20 23:50:00,SHORT,BEARISH,BULLISH,AGREE,CONFLICT,False
2025-06-24 14:15:00,SHORT,BEARISH,BEARISH,AGREE,AGREE,True
2025-06-25 06:55:00,LONG,BULLISH,BULLISH,AGREE,AGREE,True
2025-06-25 10:00:00,SHORT,BULLISH,BULLISH,CONFLICT,CONFLICT,False
2025-06-25 10:05:00,LONG,BULLISH,BULLISH,AGREE,AGREE,True
2025-06-26 15:25:00,SHORT,BULLISH,BEARISH,CONFLICT,AGREE,False
2025-06-26 23:00:00,SHORT,BEARISH,BEARISH,AGREE,AGREE,True
2025-06-27 04:25:00,SHORT,BEARISH,BEARISH,AGREE,AGREE,True
2025-06-27 08:10:00,LONG,BEARISH,BEARISH,CONFLICT,CONFLICT,False
2025-06-30 01:00:00,SHORT,BEARISH,BEARISH,AGREE,AGREE,True
2025-06-30 03:35:00,LONG,BEARISH,BEARISH,CONFLICT,CONFLICT,False
2025-06-30 19:50:00,SHORT,BEARISH,BULLISH,AGREE,CONFLICT,False
2025-06-30 20:40:00,LONG,BULLISH,BULLISH,AGREE,AGREE,True
2025-06-30 22:55:00,SHORT,BULLISH,BULLISH,CONFLICT,CONFLICT,False
2025-06-30 23:30:00,LONG,BULLISH,BULLISH,AGREE,AGREE,True
2025-07-02 02:50:00,LONG,BULLISH,BEARISH,AGREE,CONFLICT,False
2025-07-02 03:05:00,SHORT,BULLISH,BEARISH,CONFLICT,AGREE,False
2025-07-02 10:10:00,LONG,BEARISH,BEARISH,CONFLICT,CONFLICT,False
2025-07-02 11:55:00,LONG,BEARISH,BEARISH,CONFLICT,CONFLICT,False
2025-07-03 23:50:00,LONG,BULLISH,BEARISH,AGREE,CONFLICT,False
2025-07-08 05:45:00,SHORT,BULLISH,BULLISH,CONFLICT,CONFLICT,False
2025-07-09 02:30:00,LONG,BULLISH,BEARISH,AGREE,CONFLICT,False
2025-07-09 03:00:00,SHORT,BULLISH,BEARISH,CONFLICT,AGREE,False
2025-07-09 04:20:00,SHORT,BULLISH,BEARISH,CONFLICT,AGREE,False
2025-07-09 05:50:00,LONG,BULLISH,BEARISH,AGREE,CONFLICT,False
2025-07-09 08:05:00,SHORT,BULLISH,BEARISH,CONFLICT,AGREE,False
2025-07-09 10:15:00,SHORT,BULLISH,BEARISH,CONFLICT,AGREE,False
2025-07-09 19:45:00,SHORT,BULLISH,BULLISH,CONFLICT,CONFLICT,False
2025-07-09 20:55:00,LONG,BULLISH,BULLISH,AGREE,AGREE,True
2025-07-10 06:55:00,LONG,BULLISH,BEARISH,AGREE,CONFLICT,False
2025-07-10 10:05:00,SHORT,BULLISH,BEARISH,CONFLICT,AGREE,False
2025-07-10 10:45:00,LONG,BULLISH,BULLISH,AGREE,AGREE,True
2025-07-10 11:50:00,SHORT,BULLISH,BULLISH,CONFLICT,CONFLICT,False
2025-07-10 13:10:00,LONG,BULLISH,BULLISH,AGREE,AGREE,True
2025-07-10 13:35:00,SHORT,BULLISH,BULLISH,CONFLICT,CONFLICT,False
2025-07-11 01:00:00,SHORT,BULLISH,BEARISH,CONFLICT,AGREE,False
2025-07-11 01:50:00,LONG,BULLISH,BEARISH,AGREE,CONFLICT,False
2025-07-11 07:20:00,LONG,BULLISH,BULLISH,AGREE,AGREE,True
2025-07-11 09:15:00,SHORT,BULLISH,BULLISH,CONFLICT,CONFLICT,False
2025-07-14 23:50:00,LONG,BEARISH,BEARISH,CONFLICT,CONFLICT,False
2025-07-15 21:20:00,LONG,BEARISH,BEARISH,CONFLICT,CONFLICT,False
2025-07-16 04:15:00,SHORT,BEARISH,BULLISH,AGREE,CONFLICT,False
2025-07-16 05:05:00,LONG,BEARISH,BULLISH,CONFLICT,AGREE,False
2025-07-16 13:50:00,LONG,BEARISH,BULLISH,CONFLICT,AGREE,False
2025-07-16 14:50:00,SHORT,BEARISH,BULLISH,AGREE,CONFLICT,False
2025-07-17 07:35:00,SHORT,BULLISH,BULLISH,CONFLICT,CONFLICT,False
2025-07-17 12:20:00,SHORT,BULLISH,BULLISH,CONFLICT,CONFLICT,False
2025-07-18 04:05:00,LONG,BEARISH,BULLISH,CONFLICT,AGREE,False
2025-07-18 05:10:00,SHORT,BEARISH,BEARISH,AGREE,AGREE,True
2025-07-18 08:45:00,LONG,BEARISH,BEARISH,CONFLICT,CONFLICT,False
2025-07-18 12:05:00,SHORT,BEARISH,BULLISH,AGREE,CONFLICT,False
2025-07-21 09:25:00,SHORT,BEARISH,BULLISH,AGREE,CONFLICT,False
2025-07-21 12:40:00,LONG,BEARISH,BULLISH,CONFLICT,AGREE,False
2025-07-22 02:10:00,SHORT,BEARISH,BULLISH,AGREE,CONFLICT,False
2025-07-22 06:40:00,SHORT,BEARISH,BEARISH,AGREE,AGREE,True
2025-07-23 01:30:00,LONG,BEARISH,BULLISH,CONFLICT,AGREE,False
2025-07-23 02:55:00,LONG,BEARISH,BULLISH,CONFLICT,AGREE,False
2025-08-29 22:50:00,SHORT,BULLISH,BULLISH,CONFLICT,CONFLICT,False
2025-09-01 01:05:00,LONG,BULLISH,BULLISH,AGREE,AGREE,True
2025-09-01 03:45:00,LONG,BULLISH,BULLISH,AGREE,AGREE,True
2025-09-02 14:25:00,LONG,BULLISH,BEARISH,AGREE,CONFLICT,False
2025-09-04 03:05:00,LONG,BULLISH,BEARISH,AGREE,CONFLICT,False
2025-09-04 03:50:00,SHORT,BULLISH,BEARISH,CONFLICT,AGREE,False
2025-09-04 08:20:00,LONG,BULLISH,BEARISH,AGREE,CONFLICT,False
2025-09-04 12:55:00,LONG,BULLISH,BEARISH,AGREE,CONFLICT,False
2025-09-04 14:05:00,LONG,BULLISH,BEARISH,AGREE,CONFLICT,False
2025-09-04 16:05:00,LONG,BULLISH,BEARISH,AGREE,CONFLICT,False
2025-09-04 16:25:00,SHORT,BULLISH,BEARISH,CONFLICT,AGREE,False
2025-09-04 17:00:00,LONG,BULLISH,BEARISH,AGREE,CONFLICT,False
2025-09-05 01:05:00,LONG,BULLISH,BEARISH,AGREE,CONFLICT,False
2025-09-05 05:25:00,LONG,BULLISH,BEARISH,AGREE,CONFLICT,False
2025-09-05 14:50:00,LONG,BULLISH,BEARISH,AGREE,CONFLICT,False
2025-09-05 22:45:00,SHORT,BULLISH,BULLISH,CONFLICT,CONFLICT,False
2025-09-08 19:10:00,SHORT,BULLISH,BULLISH,CONFLICT,CONFLICT,False
2025-09-09 01:30:00,LONG,BULLISH,BEARISH,AGREE,CONFLICT,False
2025-09-09 06:35:00,LONG,BULLISH,BULLISH,AGREE,AGREE,True
2025-09-09 08:35:00,SHORT,BULLISH,BULLISH,CONFLICT,CONFLICT,False
2025-09-09 14:35:00,SHORT,BULLISH,BULLISH,CONFLICT,CONFLICT,False
2025-09-09 14:55:00,LONG,BULLISH,BULLISH,AGREE,AGREE,True
2025-09-09 15:35:00,LONG,BULLISH,BULLISH,AGREE,AGREE,True
2025-09-09 16:20:00,SHORT,BULLISH,BULLISH,CONFLICT,CONFLICT,False
2025-09-09 23:35:00,LONG,BULLISH,BULLISH,AGREE,AGREE,True
2025-09-10 08:25:00,SHORT,BEARISH,BULLISH,AGREE,CONFLICT,False
2025-09-10 08:35:00,LONG,BEARISH,BULLISH,CONFLICT,AGREE,False
2025-09-10 13:35:00,SHORT,BEARISH,BULLISH,AGREE,CONFLICT,False
2025-09-10 15:30:00,SHORT,BEARISH,BULLISH,AGREE,CONFLICT,False
2025-09-11 04:10:00,SHORT,BEARISH,BEARISH,AGREE,AGREE,True
2025-09-11 07:30:00,SHORT,BEARISH,BEARISH,AGREE,AGREE,True
2025-09-11 15:20:00,SHORT,BEARISH,BEARISH,AGREE,AGREE,True
2025-09-11 21:05:00,SHORT,BEARISH,BULLISH,AGREE,CONFLICT,False
2025-09-11 21:30:00,LONG,BEARISH,BULLISH,CONFLICT,AGREE,False
2025-09-11 22:35:00,SHORT,BEARISH,BULLISH,AGREE,CONFLICT,False
2025-09-11 23:25:00,LONG,BEARISH,BULLISH,CONFLICT,AGREE,False
2025-09-12 02:45:00,LONG,BEARISH,BULLISH,CONFLICT,AGREE,False
2025-09-15 07:05:00,SHORT,BULLISH,BULLISH,CONFLICT,CONFLICT,False
2025-09-15 15:15:00,LONG,BULLISH,BULLISH,AGREE,AGREE,True
2025-09-16 12:20:00,SHORT,BULLISH,BULLISH,CONFLICT,CONFLICT,False
2025-09-16 13:35:00,LONG,BULLISH,BULLISH,AGREE,AGREE,True
2025-09-16 14:45:00,SHORT,BULLISH,BULLISH,CONFLICT,CONFLICT,False
2025-09-16 16:00:00,LONG,BULLISH,BEARISH,AGREE,CONFLICT,False
2025-09-16 17:15:00,SHORT,BULLISH,BEARISH,CONFLICT,AGREE,False
2025-09-16 18:05:00,LONG,BULLISH,BEARISH,AGREE,CONFLICT,False
2025-09-17 04:35:00,LONG,BULLISH,BEARISH,AGREE,CONFLICT,False
2025-09-17 08:00:00,SHORT,BULLISH,BEARISH,CONFLICT,AGREE,False
2025-09-17 13:00:00,SHORT,BEARISH,BEARISH,AGREE,AGREE,True
2025-09-17 20:00:00,LONG,BEARISH,BULLISH,CONFLICT,AGREE,False
2025-09-17 21:00:00,SHORT,BEARISH,BULLISH,AGREE,CONFLICT,False
2025-09-19 03:15:00,LONG,BEARISH,BEARISH,CONFLICT,CONFLICT,False
2025-09-19 12:55:00,SHORT,BULLISH,BULLISH,CONFLICT,CONFLICT,False
2025-09-19 18:15:00,SHORT,BULLISH,BULLISH,CONFLICT,CONFLICT,False
2025-09-22 05:40:00,LONG,BULLISH,BULLISH,AGREE,AGREE,True
2025-09-22 13:45:00,SHORT,BULLISH,BULLISH,CONFLICT,CONFLICT,False
2025-09-22 21:20:00,SHORT,BULLISH,BULLISH,CONFLICT,CONFLICT,False
2025-09-22 23:30:00,SHORT,BULLISH,BULLISH,CONFLICT,CONFLICT,False
2025-09-23 01:35:00,LONG,BULLISH,BULLISH,AGREE,AGREE,True
2025-09-23 04:40:00,SHORT,BULLISH,BULLISH,CONFLICT,CONFLICT,False
2025-09-23 10:00:00,LONG,BULLISH,BULLISH,AGREE,AGREE,True
2025-09-23 14:25:00,SHORT,BULLISH,BULLISH,CONFLICT,CONFLICT,False
2025-09-23 16:40:00,SHORT,BULLISH,BULLISH,CONFLICT,CONFLICT,False
2025-09-23 19:35:00,LONG,BULLISH,BULLISH,AGREE,AGREE,True
2025-09-24 02:05:00,SHORT,BULLISH,BEARISH,CONFLICT,AGREE,False
2025-09-24 04:10:00,SHORT,BULLISH,BEARISH,CONFLICT,AGREE,False
2025-09-24 10:35:00,SHORT,BULLISH,BULLISH,CONFLICT,CONFLICT,False
2025-09-24 15:20:00,SHORT,BULLISH,BEARISH,CONFLICT,AGREE,False
2025-09-24 21:45:00,LONG,BEARISH,BEARISH,CONFLICT,CONFLICT,False
2025-09-25 12:25:00,LONG,BEARISH,BULLISH,CONFLICT,AGREE,False
2025-09-25 12:45:00,SHORT,BEARISH,BULLISH,AGREE,CONFLICT,False
2025-09-26 02:10:00,LONG,BEARISH,BULLISH,CONFLICT,AGREE,False
2025-09-26 03:55:00,SHORT,BEARISH,BULLISH,AGREE,CONFLICT,False
2025-09-26 08:15:00,LONG,BEARISH,BEARISH,CONFLICT,CONFLICT,False
2025-09-26 07:55:00,SHORT,BEARISH,BEARISH,AGREE,AGREE,True
2025-09-26 08:50:00,LONG,BEARISH,BEARISH,CONFLICT,CONFLICT,False
2025-09-26 09:10:00,SHORT,BEARISH,BEARISH,AGREE,AGREE,True
2025-09-26 18:30:00,SHORT,BULLISH,BULLISH,CONFLICT,CONFLICT,False
2025-09-26 19:20:00,LONG,BULLISH,BULLISH,AGREE,AGREE,True
2025-09-29 09:40:00,SHORT,BULLISH,BULLISH,CONFLICT,CONFLICT,False
2025-09-29 14:15:00,SHORT,BULLISH,BULLISH,CONFLICT,CONFLICT,False
2025-09-29 22:05:00,LONG,BULLISH,BULLISH,AGREE,AGREE,True
2025-09-30 05:00:00,SHORT,BULLISH,BULLISH,CONFLICT,CONFLICT,False
2025-09-30 05:10:00,LONG,BULLISH,BULLISH,AGREE,AGREE,True
2025-09-30 09:30:00,SHORT,BULLISH,BULLISH,CONFLICT,CONFLICT,False
2025-09-30 15:45:00,SHORT,BULLISH,BEARISH,CONFLICT,AGREE,False
2025-09-30 16:20:00,LONG,BULLISH,BULLISH,AGREE,AGREE,True
2025-09-30 20:15:00,SHORT,BULLISH,BULLISH,CONFLICT,CONFLICT,False
2025-10-01 09:20:00,LONG,BULLISH,BULLISH,AGREE,AGREE,True
2025-10-01 15:15:00,SHORT,BULLISH,BULLISH,CONFLICT,CONFLICT,False
2025-10-01 23:55:00,SHORT,BULLISH,BULLISH,CONFLICT,CONFLICT,False
2025-10-02 01:20:00,LONG,BULLISH,BULLISH,AGREE,AGREE,True
2025-10-02 03:20:00,LONG,BULLISH,BEARISH,AGREE,CONFLICT,False
2025-10-02 08:25:00,SHORT,BULLISH,BULLISH,CONFLICT,CONFLICT,False
2025-10-02 15:15:00,LONG,BULLISH,BULLISH,AGREE,AGREE,True
2025-10-02 16:10:00,SHORT,BULLISH,BULLISH,CONFLICT,CONFLICT,False
2025-10-02 16:30:00,SHORT,BULLISH,BULLISH,CONFLICT,CONFLICT,False
2025-10-03 14:30:00,LONG,BEARISH,BULLISH,CONFLICT,AGREE,False
2025-10-06 15:25:00,LONG,BULLISH,BEARISH,AGREE,CONFLICT,False
2025-10-06 18:50:00,SHORT,BULLISH,BULLISH,CONFLICT,CONFLICT,False
2025-10-07 10:55:00,LONG,BULLISH,BULLISH,AGREE,AGREE,True
2025-10-07 17:35:00,SHORT,BULLISH,BULLISH,CONFLICT,CONFLICT,False
2025-10-07 20:35:00,SHORT,BULLISH,BULLISH,CONFLICT,CONFLICT,False
2025-10-08 02:45:00,SHORT,BULLISH,BULLISH,CONFLICT,CONFLICT,False
2025-10-08 04:00:00,LONG,BULLISH,BULLISH,AGREE,AGREE,True
2025-10-08 16:10:00,SHORT,BULLISH,BULLISH,CONFLICT,CONFLICT,False
2025-10-08 21:10:00,LONG,BULLISH,BULLISH,AGREE,AGREE,True
2025-10-08 22:00:00,SHORT,BULLISH,BULLISH,CONFLICT,CONFLICT,False
2025-10-09 04:15:00,SHORT,BULLISH,BEARISH,CONFLICT,AGREE,False
2025-10-09 15:45:00,SHORT,BULLISH,BULLISH,CONFLICT,CONFLICT,False
2025-10-10 01:00:00,SHORT,BEARISH,BEARISH,AGREE,AGREE,True
2025-10-10 01:10:00,LONG,BEARISH,BEARISH,CONFLICT,CONFLICT,False
2025-10-10 03:10:00,SHORT,BEARISH,BULLISH,AGREE,CONFLICT,False
2025-10-10 16:50:00,LONG,BULLISH,BULLISH,AGREE,AGREE,True
2025-10-13 11:35:00,LONG,BULLISH,BULLISH,AGREE,AGREE,True
2025-10-13 22:00:00,LONG,BULLISH,BULLISH,AGREE,AGREE,True
2025-10-13 23:45:00,SHORT,BULLISH,BULLISH,CONFLICT,CONFLICT,False
2025-10-14 01:30:00,LONG,BULLISH,BULLISH,AGREE,AGREE,True
2025-10-15 02:25:00,SHORT,BULLISH,BULLISH,CONFLICT,CONFLICT,False
2025-10-15 03:25:00,LONG,BULLISH,BULLISH,AGREE,AGREE,True
2025-10-15 15:15:00,LONG,BULLISH,BULLISH,AGREE,AGREE,True
2025-10-16 01:00:00,SHORT,BULLISH,BULLISH,CONFLICT,CONFLICT,False
2025-10-16 01:10:00,LONG,BULLISH,BULLISH,AGREE,AGREE,True
2025-10-17 15:45:00,SHORT,BULLISH,BULLISH,CONFLICT,CONFLICT,False
2025-10-20 01:00:00,SHORT,BEARISH,BULLISH,AGREE,CONFLICT,False
2025-10-20 09:25:00,LONG,BEARISH,BULLISH,CONFLICT,AGREE,False
2025-10-20 11:30:00,SHORT,BEARISH,BULLISH,AGREE,CONFLICT,False
2025-10-21 04:00:00,SHORT,BEARISH,BULLISH,AGREE,CONFLICT,False
2025-10-21 08:35:00,LONG,BEARISH,BEARISH,CONFLICT,CONFLICT,False
2025-10-21 09:40:00,SHORT,BEARISH,BEARISH,AGREE,AGREE,True
2025-10-21 13:15:00,LONG,BEARISH,BEARISH,CONFLICT,CONFLICT,False
2025-10-21 14:10:00,SHORT,BEARISH,BEARISH,AGREE,AGREE,True
2025-10-21 22:15:00,LONG,BEARISH,BEARISH,CONFLICT,CONFLICT,False
2025-10-22 02:45:00,LONG,BEARISH,BEARISH,CONFLICT,CONFLICT,False
2025-10-22 08:00:00,SHORT,BEARISH,BEARISH,AGREE,AGREE,True
2025-10-22 16:35:00,SHORT,BEARISH,BEARISH,AGREE,AGREE,True
2025-10-23 01:00:00,SHORT,BEARISH,BULLISH,AGREE,CONFLICT,False
2025-10-23 03:20:00,LONG,BEARISH,BULLISH,CONFLICT,AGREE,False
2025-10-23 15:20:00,LONG,BEARISH,BULLISH,CONFLICT,AGREE,False
2025-10-24 02:20:00,LONG,BEARISH,BULLISH,CONFLICT,AGREE,False
2025-10-27 04:45:00,LONG,BEARISH,BEARISH,CONFLICT,CONFLICT,False
2025-10-27 05:35:00,SHORT,BEARISH,BEARISH,AGREE,AGREE,True
2025-10-28 02:20:00,LONG,BEARISH,BULLISH,CONFLICT,AGREE,False
2025-10-28 03:00:00,SHORT,BEARISH,BULLISH,AGREE,CONFLICT,False
2025-10-28 14:45:00,LONG,BEARISH,BEARISH,CONFLICT,CONFLICT,False
2025-10-29 07:10:00,LONG,BULLISH,BULLISH,AGREE,AGREE,True
2025-10-29 14:15:00,SHORT,BULLISH,BULLISH,CONFLICT,CONFLICT,False
2025-10-29 20:00:00,SHORT,BULLISH,BULLISH,CONFLICT,CONFLICT,False
2025-10-29 21:30:00,LONG,BULLISH,BULLISH,AGREE,AGREE,True
2025-10-30 03:05:00,SHORT,BEARISH,BEARISH,AGREE,AGREE,True
2025-10-30 04:50:00,LONG,BEARISH,BEARISH,CONFLICT,CONFLICT,False
2025-10-30 14:55:00,LONG,BEARISH,BEARISH,CONFLICT,CONFLICT,False
2025-10-31 00:00:00,LONG,BULLISH,BULLISH,AGREE,AGREE,True
2025-10-31 06:05:00,LONG,BULLISH,BULLISH,AGREE,AGREE,True
2025-10-31 10:05:00,SHORT,BULLISH,BULLISH,CONFLICT,CONFLICT,False
2025-10-31 10:50:00,LONG,BULLISH,BULLISH,AGREE,AGREE,True
2025-10-31 12:05:00,SHORT,BULLISH,BULLISH,CONFLICT,CONFLICT,False
2025-10-31 13:05:00,LONG,BULLISH,BULLISH,AGREE,AGREE,True
2025-10-31 14:20:00,SHORT,BULLISH,BULLISH,CONFLICT,CONFLICT,False
2025-10-31 20:10:00,SHORT,BEARISH,BEARISH,AGREE,AGREE,True
2025-10-31 22:35:00,SHORT,BEARISH,BEARISH,AGREE,AGREE,True
2025-11-03 02:10:00,LONG,BEARISH,BEARISH,CONFLICT,CONFLICT,False
2025-11-03 07:00:00,LONG,BEARISH,BULLISH,CONFLICT,AGREE,False
2025-11-03 16:45:00,SHORT,BEARISH,BEARISH,AGREE,AGREE,True
2025-11-04 04:00:00,LONG,BEARISH,BEARISH,CONFLICT,CONFLICT,False
2025-11-04 05:30:00,SHORT,BEARISH,BEARISH,AGREE,AGREE,True
2025-11-04 13:50:00,SHORT,BEARISH,BULLISH,AGREE,CONFLICT,False
2025-11-04 14:30:00,LONG,BEARISH,BEARISH,CONFLICT,CONFLICT,False
2025-11-04 15:10:00,SHORT,BEARISH,BEARISH,AGREE,AGREE,True
2025-11-04 16:25:00,LONG,BEARISH,BEARISH,CONFLICT,CONFLICT,False
2025-11-04 18:15:00,SHORT,BEARISH,BEARISH,AGREE,AGREE,True
2025-11-05 02:40:00,LONG,BEARISH,BEARISH,CONFLICT,CONFLICT,False
2025-11-05 18:10:00,LONG,BULLISH,BEARISH,AGREE,CONFLICT,False
2025-11-06 03:05:00,LONG,BULLISH,BEARISH,AGREE,CONFLICT,False
2025-11-06 13:35:00,SHORT,BULLISH,BULLISH,CONFLICT,CONFLICT,False
2025-11-07 06:20:00,SHORT,BULLISH,BULLISH,CONFLICT,CONFLICT,False
2025-11-07 07:20:00,LONG,BULLISH,BULLISH,AGREE,AGREE,True
2025-11-07 13:00:00,SHORT,BULLISH,BULLISH,CONFLICT,CONFLICT,False
2025-11-07 16:10:00,SHORT,BULLISH,BULLISH,CONFLICT,CONFLICT,False
2025-11-07 17:40:00,LONG,BULLISH,BEARISH,AGREE,CONFLICT,False
2025-11-10 11:35:00,SHORT,BULLISH,BULLISH,CONFLICT,CONFLICT,False
2025-11-10 12:45:00,LONG,BULLISH,BULLISH,AGREE,AGREE,True
2025-11-10 22:15:00,LONG,BULLISH,BULLISH,AGREE,AGREE,True
2025-11-11 03:30:00,SHORT,BULLISH,BULLISH,CONFLICT,CONFLICT,False
2025-11-11 04:30:00,LONG,BULLISH,BULLISH,AGREE,AGREE,True
2025-11-11 09:50:00,LONG,BULLISH,BULLISH,AGREE,AGREE,True
2025-11-11 11:00:00,SHORT,BULLISH,BULLISH,CONFLICT,CONFLICT,False
2025-11-11 13:40:00,SHORT,BULLISH,BULLISH,CONFLICT,CONFLICT,False
2025-11-11 14:20:00,LONG,BULLISH,BULLISH,AGREE,AGREE,True
2025-11-12 07:30:00,LONG,BULLISH,BEARISH,AGREE,CONFLICT,False
2025-11-12 10:05:00,LONG,BULLISH,BEARISH,AGREE,CONFLICT,False
2025-11-12 20:00:00,LONG,BULLISH,BULLISH,AGREE,AGREE,True
2025-11-13 02:50:00,SHORT,BULLISH,BULLISH,CONFLICT,CONFLICT,False
2025-11-13 14:55:00,SHORT,BULLISH,BULLISH,CONFLICT,CONFLICT,False
2025-11-13 18:00:00,SHORT,BULLISH,BEARISH,CONFLICT,AGREE,False
2025-11-14 04:50:00,SHORT,BEARISH,BULLISH,AGREE,CONFLICT,False
2025-11-14 09:25:00,LONG,BEARISH,BEARISH,CONFLICT,CONFLICT,False
2025-11-14 10:15:00,SHORT,BEARISH,BEARISH,AGREE,AGREE,True
2025-11-14 15:20:00,LONG,BEARISH,BEARISH,CONFLICT,CONFLICT,False
2025-11-14 20:00:00,LONG,BEARISH,BEARISH,CONFLICT,CONFLICT,False
2025-11-17 01:00:00,LONG,BEARISH,BEARISH,CONFLICT,CONFLICT,False
2025-11-17 12:00:00,SHORT,BEARISH,BEARISH,AGREE,AGREE,True
2025-11-17 18:00:00,LONG,BEARISH,BEARISH,CONFLICT,CONFLICT,False
2025-11-18 02:55:00,SHORT,BEARISH,BEARISH,AGREE,AGREE,True
2025-11-18 09:00:00,LONG,BEARISH,BEARISH,CONFLICT,CONFLICT,False
2025-11-18 16:40:00,SHORT,BEARISH,BULLISH,AGREE,CONFLICT,False
2025-11-19 03:40:00,LONG,BEARISH,BEARISH,CONFLICT,CONFLICT,False
2025-11-19 04:40:00,SHORT,BEARISH,BEARISH,AGREE,AGREE,True
2025-11-19 09:40:00,SHORT,BULLISH,BULLISH,CONFLICT,CONFLICT,False
2025-11-19 10:00:00,LONG,BULLISH,BULLISH,AGREE,AGREE,True
2025-11-19 14:05:00,SHORT,BULLISH,BULLISH,CONFLICT,CONFLICT,False
2025-11-19 16:55:00,SHORT,BULLISH,BULLISH,CONFLICT,CONFLICT,False
2025-11-19 20:50:00,SHORT,BEARISH,BEARISH,AGREE,AGREE,True
2025-11-19 23:15:00,LONG,BEARISH,BEARISH,CONFLICT,CONFLICT,False
2025-11-20 09:05:00,SHORT,BEARISH,BEARISH,AGREE,AGREE,True
2025-11-20 10:20:00,LONG,BEARISH,BEARISH,CONFLICT,CONFLICT,False
2025-11-20 13:00:00,LONG,BEARISH,BEARISH,CONFLICT,CONFLICT,False
2025-11-20 18:55:00,LONG,BEARISH,BEARISH,CONFLICT,CONFLICT,False
2025-11-21 01:40:00,SHORT,BEARISH,BEARISH,AGREE,AGREE,True
2025-11-21 06:40:00,LONG,BEARISH,BEARISH,CONFLICT,CONFLICT,False
2025-11-21 13:50:00,LONG,BEARISH,BEARISH,CONFLICT,CONFLICT,False
2025-11-21 17:35:00,LONG,BEARISH,BEARISH,CONFLICT,CONFLICT,False
2025-11-21 21:20:00,SHORT,BEARISH,BULLISH,AGREE,CONFLICT,False
2025-11-24 04:50:00,LONG,BEARISH,BEARISH,CONFLICT,CONFLICT,False
2025-11-24 05:30:00,SHORT,BEARISH,BEARISH,AGREE,AGREE,True
2025-11-24 09:25:00,LONG,BEARISH,BEARISH,CONFLICT,CONFLICT,False
2025-11-24 12:00:00,SHORT,BEARISH,BULLISH,AGREE,CONFLICT,False
2025-11-24 16:30:00,LONG,BEARISH,BULLISH,CONFLICT,AGREE,False
2025-11-24 20:05:00,LONG,BEARISH,BULLISH,CONFLICT,AGREE,False
2025-11-25 03:00:00,LONG,BEARISH,BULLISH,CONFLICT,AGREE,False
2025-11-25 10:50:00,LONG,BEARISH,BEARISH,CONFLICT,CONFLICT,False
2025-11-25 12:00:00,SHORT,BEARISH,BEARISH,AGREE,AGREE,True
2025-11-25 14:40:00,LONG,BEARISH,BEARISH,CONFLICT,CONFLICT,False
2025-11-25 22:50:00,LONG,BEARISH,BULLISH,CONFLICT,AGREE,False
2025-11-26 12:00:00,SHORT,BEARISH,BEARISH,AGREE,AGREE,True
2025-11-26 12:30:00,LONG,BEARISH,BEARISH,CONFLICT,CONFLICT,False
2025-11-26 13:30:00,SHORT,BEARISH,BEARISH,AGREE,AGREE,True
2025-11-26 16:05:00,LONG,BEARISH,BULLISH,CONFLICT,AGREE,False
2025-11-27 06:05:00,LONG,BEARISH,BULLISH,CONFLICT,AGREE,False
2025-11-27 06:30:00,SHORT,BEARISH,BULLISH,AGREE,CONFLICT,False
2025-11-27 07:40:00,LONG,BEARISH,BULLISH,CONFLICT,AGREE,False
2025-11-27 10:00:00,SHORT,BEARISH,BULLISH,AGREE,CONFLICT,False
2025-11-27 14:55:00,LONG,BEARISH,BULLISH,CONFLICT,AGREE,False
2025-11-27 23:45:00,LONG,BEARISH,BULLISH,CONFLICT,AGREE,False
2025-11-28 03:40:00,SHORT,BEARISH,BULLISH,AGREE,CONFLICT,False
2025-11-28 15:25:00,LONG,BEARISH,BEARISH,CONFLICT,CONFLICT,False
2025-12-01 01:00:00,SHORT,BEARISH,BULLISH,AGREE,CONFLICT,False
2025-12-01 06:45:00,SHORT,BEARISH,BULLISH,AGREE,CONFLICT,False
2025-12-01 14:10:00,LONG,BEARISH,BULLISH,CONFLICT,AGREE,False
2025-12-01 14:50:00,LONG,BEARISH,BULLISH,CONFLICT,AGREE,False
2025-12-01 15:05:00,SHORT,BEARISH,BULLISH,AGREE,CONFLICT,False
2025-12-02 03:00:00,LONG,BEARISH,BEARISH,CONFLICT,CONFLICT,False
2025-12-02 07:45:00,SHORT,BEARISH,BEARISH,AGREE,AGREE,True
2025-12-02 23:50:00,LONG,BEARISH,BULLISH,CONFLICT,AGREE,False
2025-12-03 20:50:00,LONG,BEARISH,BULLISH,CONFLICT,AGREE,False
2025-12-04 03:45:00,SHORT,BEARISH,BULLISH,AGREE,CONFLICT,False
2025-12-04 06:15:00,SHORT,BEARISH,BEARISH,AGREE,AGREE,True
2025-12-04 10:55:00,LONG,BEARISH,BEARISH,CONFLICT,CONFLICT,False
2025-12-04 13:05:00,SHORT,BEARISH,BULLISH,AGREE,CONFLICT,False
2025-12-04 17:00:00,LONG,BEARISH,BULLISH,CONFLICT,AGREE,False
2025-12-05 02:15:00,SHORT,BEARISH,BULLISH,AGREE,CONFLICT,False
2025-12-08 06:55:00,LONG,BEARISH,BEARISH,CONFLICT,CONFLICT,False
2025-12-08 14:50:00,SHORT,BEARISH,BEARISH,AGREE,AGREE,True
2025-12-08 20:55:00,LONG,BEARISH,BEARISH,CONFLICT,CONFLICT,False
2025-12-09 02:00:00,SHORT,BEARISH,BEARISH,AGREE,AGREE,True
2025-12-09 02:55:00,LONG,BEARISH,BEARISH,CONFLICT,CONFLICT,False
2025-12-09 05:20:00,SHORT,BEARISH,BEARISH,AGREE,AGREE,True
2025-12-09 13:20:00,SHORT,BEARISH,BULLISH,AGREE,CONFLICT,False
2025-12-09 14:10:00,LONG,BEARISH,BULLISH,CONFLICT,AGREE,False
2025-12-09 15:25:00,LONG,BEARISH,BULLISH,CONFLICT,AGREE,False
2025-12-10 03:00:00,LONG,BEARISH,BULLISH,CONFLICT,AGREE,False
2025-12-10 04:40:00,SHORT,BEARISH,BULLISH,AGREE,CONFLICT,False
2025-12-10 07:10:00,LONG,BEARISH,BEARISH,CONFLICT,CONFLICT,False
2025-12-10 15:40:00,SHORT,BEARISH,BULLISH,AGREE,CONFLICT,False
2025-12-10 17:15:00,LONG,BEARISH,BEARISH,CONFLICT,CONFLICT,False
2025-12-10 21:00:00,SHORT,BEARISH,BEARISH,AGREE,AGREE,True
2025-12-10 21:40:00,LONG,BEARISH,BEARISH,CONFLICT,CONFLICT,False
2025-12-11 03:00:00,SHORT,BEARISH,BEARISH,AGREE,AGREE,True
2025-12-11 10:40:00,SHORT,BEARISH,BEARISH,AGREE,AGREE,True
2025-12-11 11:00:00,LONG,BEARISH,BEARISH,CONFLICT,CONFLICT,False
2025-12-11 15:15:00,LONG,BEARISH,BEARISH,CONFLICT,CONFLICT,False
2025-12-11 20:00:00,SHORT,BEARISH,BEARISH,AGREE,AGREE,True
2025-12-12 06:10:00,LONG,BEARISH,BEARISH,CONFLICT,CONFLICT,False
2025-12-12 16:35:00,LONG,BEARISH,BEARISH,CONFLICT,CONFLICT,False
2025-12-12 16:25:00,SHORT,BEARISH,BEARISH,AGREE,AGREE,True
2025-12-12 16:50:00,SHORT,BEARISH,BEARISH,AGREE,AGREE,True
2025-12-12 22:30:00,LONG,BEARISH,BEARISH,CONFLICT,CONFLICT,False
2025-12-15 05:00:00,SHORT,BEARISH,BEARISH,AGREE,AGREE,True
2025-12-15 18:15:00,LONG,BEARISH,BEARISH,CONFLICT,CONFLICT,False
2025-12-16 02:10:00,SHORT,BEARISH,BEARISH,AGREE,AGREE,True
2025-12-16 03:00:00,LONG,BEARISH,BEARISH,CONFLICT,CONFLICT,False
2025-12-16 03:35:00,SHORT,BEARISH,BEARISH,AGREE,AGREE,True
2025-12-16 13:10:00,LONG,BEARISH,BEARISH,CONFLICT,CONFLICT,False
2025-12-16 21:45:00,SHORT,BEARISH,BEARISH,AGREE,AGREE,True
2025-12-17 07:20:00,SHORT,BEARISH,BEARISH,AGREE,AGREE,True
2025-12-17 17:30:00,SHORT,BEARISH,BEARISH,AGREE,AGREE,True
2025-12-17 18:20:00,LONG,BEARISH,BEARISH,CONFLICT,CONFLICT,False
2025-12-17 19:55:00,SHORT,BEARISH,BEARISH,AGREE,AGREE,True
2025-12-18 08:30:00,SHORT,BEARISH,BEARISH,AGREE,AGREE,True
2025-12-18 09:30:00,SHORT,BEARISH,BEARISH,AGREE,AGREE,True
2025-12-18 15:00:00,SHORT,BEARISH,BEARISH,AGREE,AGREE,True
2025-12-18 14:25:00,LONG,BEARISH,BEARISH,CONFLICT,CONFLICT,False
2025-12-18 15:30:00,SHORT,BEARISH,BEARISH,AGREE,AGREE,True
2025-12-18 21:50:00,LONG,BEARISH,BEARISH,CONFLICT,CONFLICT,False
2025-12-19 14:05:00,LONG,BEARISH,BEARISH,CONFLICT,CONFLICT,False
2025-12-22 03:15:00,LONG,BEARISH,BEARISH,CONFLICT,CONFLICT,False
2025-12-22 17:10:00,LONG,BEARISH,BEARISH,CONFLICT,CONFLICT,False
2025-12-22 19:10:00,SHORT,BEARISH,BEARISH,AGREE,AGREE,True
2025-12-22 21:15:00,LONG,BEARISH,BEARISH,CONFLICT,CONFLICT,False
2025-12-23 15:10:00,SHORT,BEARISH,BEARISH,AGREE,AGREE,True
2025-12-23 16:55:00,LONG,BEARISH,BEARISH,CONFLICT,CONFLICT,False
2025-12-23 22:55:00,SHORT,BEARISH,BEARISH,AGREE,AGREE,True
2025-12-24 03:00:00,SHORT,BEARISH,BEARISH,AGREE,AGREE,True
2025-12-24 06:15:00,LONG,BEARISH,BEARISH,CONFLICT,CONFLICT,False
2025-12-24 06:35:00,SHORT,BEARISH,BEARISH,AGREE,AGREE,True
2025-12-24 11:15:00,SHORT,BEARISH,BEARISH,AGREE,AGREE,True
2025-12-24 13:50:00,SHORT,BEARISH,BEARISH,AGREE,AGREE,True
2025-12-24 17:35:00,LONG,BEARISH,BEARISH,CONFLICT,CONFLICT,False
2025-12-26 21:10:00,SHORT,BEARISH,BEARISH,AGREE,AGREE,True
2025-12-30 03:05:00,LONG,BEARISH,BEARISH,CONFLICT,CONFLICT,False
2025-12-30 09:45:00,SHORT,BEARISH,BEARISH,AGREE,AGREE,True
2025-12-30 14:35:00,SHORT,BEARISH,BEARISH,AGREE,AGREE,True
2025-12-30 18:05:00,LONG,BEARISH,BEARISH,CONFLICT,CONFLICT,False
2025-12-31 20:15:00,SHORT,BEARISH,BEARISH,AGREE,AGREE,True
2026-01-02 08:45:00,LONG,BEARISH,BEARISH,CONFLICT,CONFLICT,False
2026-01-02 12:50:00,SHORT,BEARISH,BEARISH,AGREE,AGREE,True
2026-01-02 15:10:00,SHORT,BEARISH,BEARISH,AGREE,AGREE,True
2026-01-05 04:50:00,SHORT,BEARISH,BEARISH,AGREE,AGREE,True
2026-01-05 05:55:00,LONG,BEARISH,BEARISH,CONFLICT,CONFLICT,False
2026-01-05 07:10:00,SHORT,BEARISH,BEARISH,AGREE,AGREE,True
2026-01-05 07:40:00,LONG,BEARISH,BEARISH,CONFLICT,CONFLICT,False
2026-01-05 12:35:00,SHORT,BEARISH,BEARISH,AGREE,AGREE,True
2026-01-05 15:20:00,LONG,BEARISH,BEARISH,CONFLICT,CONFLICT,False
2026-01-05 20:55:00,SHORT,BEARISH,BEARISH,AGREE,AGREE,True
2026-01-06 02:40:00,LONG,BEARISH,BEARISH,CONFLICT,CONFLICT,False
2026-01-06 07:00:00,SHORT,BEARISH,BEARISH,AGREE,AGREE,True
2026-01-06 10:25:00,SHORT,BEARISH,BEARISH,AGREE,AGREE,True
2026-01-06 14:20:00,SHORT,BEARISH,BEARISH,AGREE,AGREE,True
2026-01-06 15:25:00,LONG,BEARISH,BEARISH,CONFLICT,CONFLICT,False
2026-01-06 19:55:00,SHORT,BEARISH,BEARISH,AGREE,AGREE,True
2026-01-07 03:55:00,LONG,BEARISH,BEARISH,CONFLICT,CONFLICT,False
2026-01-07 08:45:00,LONG,BEARISH,BEARISH,CONFLICT,CONFLICT,False
2026-01-07 17:10:00,LONG,BEARISH,BEARISH,CONFLICT,CONFLICT,False
2026-01-07 21:05:00,LONG,BEARISH,BEARISH,CONFLICT,CONFLICT,False
2026-01-07 22:55:00,LONG,BEARISH,BEARISH,CONFLICT,CONFLICT,False
2026-01-08 21:05:00,LONG,BEARISH,BEARISH,CONFLICT,CONFLICT,False
2026-01-09 06:55:00,SHORT,BEARISH,BEARISH,AGREE,AGREE,True
2026-01-09 07:15:00,LONG,BEARISH,BEARISH,CONFLICT,CONFLICT,False
2026-01-09 10:05:00,SHORT,BEARISH,BEARISH,AGREE,AGREE,True
2026-01-09 14:00:00,SHORT,BEARISH,BEARISH,AGREE,AGREE,True
2026-01-09 14:25:00,LONG,BEARISH,BEARISH,CONFLICT,CONFLICT,False
2026-01-12 06:30:00,LONG,BEARISH,BEARISH,CONFLICT,CONFLICT,False
2026-01-12 13:55:00,LONG,BEARISH,BEARISH,CONFLICT,CONFLICT,False
2026-01-13 03:00:00,LONG,BEARISH,BEARISH,CONFLICT,CONFLICT,False
2026-01-13 03:05:00,SHORT,BEARISH,BEARISH,AGREE,AGREE,True
2026-01-13 03:30:00,LONG,BEARISH,BEARISH,CONFLICT,CONFLICT,False
2026-01-13 07:05:00,LONG,BEARISH,BEARISH,CONFLICT,CONFLICT,False
2026-01-13 06:20:00,SHORT,BEARISH,BEARISH,AGREE,AGREE,True
2026-01-13 06:20:00,SHORT,BEARISH,BEARISH,AGREE,AGREE,True
2026-01-13 08:30:00,LONG,BEARISH,BEARISH,CONFLICT,CONFLICT,False
2026-01-13 09:30:00,SHORT,BEARISH,BEARISH,AGREE,AGREE,True
2026-01-13 09:45:00,LONG,BEARISH,BEARISH,CONFLICT,CONFLICT,False
2026-01-13 11:40:00,LONG,BEARISH,BEARISH,CONFLICT,CONFLICT,False
2026-01-13 13:25:00,SHORT,BEARISH,BEARISH,AGREE,AGREE,True
2026-01-13 14:20:00,LONG,BEARISH,BEARISH,CONFLICT,CONFLICT,False
2026-01-13 16:20:00,SHORT,BEARISH,BEARISH,AGREE,AGREE,True
2026-01-14 06:50:00,SHORT,BEARISH,BEARISH,AGREE,AGREE,True
2026-01-14 13:50:00,LONG,BEARISH,BEARISH,CONFLICT,CONFLICT,False
2026-01-14 14:10:00,SHORT,BEARISH,BEARISH,AGREE,AGREE,True
2026-01-15 08:50:00,SHORT,BEARISH,BEARISH,AGREE,AGREE,True
2026-01-15 12:35:00,SHORT,BEARISH,BEARISH,AGREE,AGREE,True
2026-01-15 21:05:00,SHORT,BEARISH,BEARISH,AGREE,AGREE,True
2026-01-15 23:40:00,SHORT,BEARISH,BEARISH,AGREE,AGREE,True
2026-01-16 02:20:00,SHORT,BEARISH,BEARISH,AGREE,AGREE,True
2026-01-16 06:15:00,SHORT,BEARISH,BEARISH,AGREE,AGREE,True
2026-01-16 07:10:00,LONG,BEARISH,BEARISH,CONFLICT,CONFLICT,False
2026-01-16 13:30:00,SHORT,BEARISH,BEARISH,AGREE,AGREE,True
2026-01-16 16:35:00,SHORT,BEARISH,BEARISH,AGREE,AGREE,True
2026-01-16 22:30:00,LONG,BEARISH,BEARISH,CONFLICT,CONFLICT,False
2026-01-19 04:00:00,LONG,BEARISH,BEARISH,CONFLICT,CONFLICT,False
2026-01-19 20:20:00,SHORT,BEARISH,BEARISH,AGREE,AGREE,True
2026-01-20 02:00:00,LONG,BEARISH,BEARISH,CONFLICT,CONFLICT,False
2026-01-20 15:20:00,LONG,BEARISH,BEARISH,CONFLICT,CONFLICT,False
2026-01-21 05:15:00,LONG,BEARISH,BEARISH,CONFLICT,CONFLICT,False
2026-01-21 13:15:00,SHORT,BEARISH,BEARISH,AGREE,AGREE,True
2026-01-21 15:10:00,SHORT,BEARISH,BEARISH,AGREE,AGREE,True
2026-01-21 20:55:00,SHORT,BEARISH,BEARISH,AGREE,AGREE,True
2026-01-21 23:15:00,SHORT,BEARISH,BEARISH,AGREE,AGREE,True
2026-01-22 15:40:00,LONG,BEARISH,BEARISH,CONFLICT,CONFLICT,False
2026-01-23 01:55:00,SHORT,BEARISH,BEARISH,AGREE,AGREE,True
2026-01-23 11:15:00,LONG,BEARISH,BEARISH,CONFLICT,CONFLICT,False
2026-01-23 20:45:00,LONG,BEARISH,BEARISH,CONFLICT,CONFLICT,False
2026-01-26 03:00:00,LONG,BEARISH,BEARISH,CONFLICT,CONFLICT,False
2026-01-26 07:10:00,LONG,BEARISH,BEARISH,CONFLICT,CONFLICT,False
2026-01-26 15:30:00,LONG,BEARISH,BEARISH,CONFLICT,CONFLICT,False
2026-01-26 18:00:00,SHORT,BEARISH,BEARISH,AGREE,AGREE,True
2026-01-26 18:25:00,LONG,BEARISH,BEARISH,CONFLICT,CONFLICT,False
2026-01-26 19:40:00,SHORT,BEARISH,BEARISH,AGREE,AGREE,True
2026-01-26 21:00:00,LONG,BEARISH,BEARISH,CONFLICT,CONFLICT,False
2026-01-27 04:00:00,LONG,BEARISH,BEARISH,CONFLICT,CONFLICT,False
2026-01-28 02:05:00,LONG,BEARISH,BEARISH,CONFLICT,CONFLICT,False
2026-01-28 08:25:00,LONG,BEARISH,BEARISH,CONFLICT,CONFLICT,False
2026-01-28 11:40:00,LONG,BEARISH,BEARISH,CONFLICT,CONFLICT,False
2026-01-28 12:00:00,SHORT,BEARISH,BEARISH,AGREE,AGREE,True
2026-01-28 14:20:00,SHORT,BEARISH,BEARISH,AGREE,AGREE,True
2026-01-28 16:05:00,LONG,BEARISH,BEARISH,CONFLICT,CONFLICT,False
2026-01-28 16:55:00,SHORT,BEARISH,BEARISH,AGREE,AGREE,True
2026-01-30 05:35:00,LONG,BEARISH,BEARISH,CONFLICT,CONFLICT,False
2026-01-30 20:25:00,LONG,BEARISH,BEARISH,CONFLICT,CONFLICT,False
2026-01-30 21:35:00,SHORT,BEARISH,BEARISH,AGREE,AGREE,True
2026-01-30 22:50:00,LONG,BEARISH,BEARISH,CONFLICT,CONFLICT,False
2026-01-30 23:50:00,SHORT,BEARISH,BEARISH,AGREE,AGREE,True
2026-02-02 06:45:00,SHORT,BEARISH,BEARISH,AGREE,AGREE,True
2026-02-02 14:20:00,SHORT,BEARISH,BEARISH,AGREE,AGREE,True
2026-02-02 19:05:00,SHORT,BEARISH,BEARISH,AGREE,AGREE,True
2026-02-02 22:55:00,LONG,BEARISH,BEARISH,CONFLICT,CONFLICT,False
2026-02-03 10:15:00,SHORT,BEARISH,BEARISH,AGREE,AGREE,True
2026-02-03 13:20:00,LONG,BEARISH,BEARISH,CONFLICT,CONFLICT,False
2026-02-03 14:25:00,LONG,BEARISH,BEARISH,CONFLICT,CONFLICT,False
2026-02-03 23:10:00,SHORT,BEARISH,BEARISH,AGREE,AGREE,True
2026-02-04 01:05:00,LONG,BEARISH,BEARISH,CONFLICT,CONFLICT,False
2026-02-04 07:40:00,SHORT,BEARISH,BEARISH,AGREE,AGREE,True
2026-02-04 08:05:00,LONG,BEARISH,BEARISH,CONFLICT,CONFLICT,False
2026-02-04 13:15:00,LONG,BEARISH,BEARISH,CONFLICT,CONFLICT,False
2026-02-04 15:50:00,SHORT,BEARISH,BEARISH,AGREE,AGREE,True
2026-02-05 10:10:00,SHORT,BEARISH,BEARISH,AGREE,AGREE,True
2026-02-05 13:20:00,SHORT,BEARISH,BEARISH,AGREE,AGREE,True
2026-02-05 17:45:00,LONG,BEARISH,BEARISH,CONFLICT,CONFLICT,False
2026-02-06 04:10:00,SHORT,BEARISH,BEARISH,AGREE,AGREE,True
2026-02-06 05:20:00,LONG,BEARISH,BEARISH,CONFLICT,CONFLICT,False
2026-02-09 15:05:00,SHORT,BEARISH,BEARISH,AGREE,AGREE,True
2026-02-09 22:20:00,SHORT,BEARISH,BEARISH,AGREE,AGREE,True
2026-02-10 01:00:00,SHORT,BEARISH,BEARISH,AGREE,AGREE,True
2026-02-10 01:05:00,LONG,BEARISH,BEARISH,CONFLICT,CONFLICT,False
2026-02-10 14:40:00,LONG,BEARISH,BEARISH,CONFLICT,CONFLICT,False
2026-02-10 15:30:00,SHORT,BEARISH,BEARISH,AGREE,AGREE,True
2026-02-10 22:15:00,SHORT,BEARISH,BEARISH,AGREE,AGREE,True
2026-02-10 23:20:00,LONG,BEARISH,BEARISH,CONFLICT,CONFLICT,False
2026-02-11 08:55:00,SHORT,BEARISH,BEARISH,AGREE,AGREE,True
2026-02-11 10:30:00,LONG,BEARISH,BEARISH,CONFLICT,CONFLICT,False
2026-02-11 13:45:00,SHORT,BEARISH,BEARISH,AGREE,AGREE,True
2026-02-11 15:25:00,SHORT,BEARISH,BEARISH,AGREE,AGREE,True
2026-02-11 22:50:00,SHORT,BEARISH,BEARISH,AGREE,AGREE,True
2026-02-11 23:30:00,LONG,BEARISH,BEARISH,CONFLICT,CONFLICT,False
2026-02-12 01:00:00,SHORT,BEARISH,BEARISH,AGREE,AGREE,True
2026-02-12 01:50:00,SHORT,BEARISH,BEARISH,AGREE,AGREE,True
2026-02-12 05:05:00,SHORT,BEARISH,BEARISH,AGREE,AGREE,True
2026-02-12 07:05:00,SHORT,BEARISH,BEARISH,AGREE,AGREE,True
2026-02-12 10:30:00,LONG,BEARISH,BEARISH,CONFLICT,CONFLICT,False
2026-02-12 11:05:00,SHORT,BEARISH,BEARISH,AGREE,AGREE,True
2026-02-12 14:35:00,SHORT,BEARISH,BEARISH,AGREE,AGREE,True
2026-02-12 14:40:00,LONG,BEARISH,BEARISH,CONFLICT,CONFLICT,False
2026-02-12 14:40:00,LONG,BEARISH,BEARISH,CONFLICT,CONFLICT,False
2026-02-12 15:45:00,SHORT,BEARISH,BEARISH,AGREE,AGREE,True
2026-02-12 16:40:00,LONG,BEARISH,BEARISH,CONFLICT,CONFLICT,False
2026-02-12 17:30:00,SHORT,BEARISH,BEARISH,AGREE,AGREE,True
2026-02-13 01:00:00,LONG,BEARISH,BEARISH,CONFLICT,CONFLICT,False
2026-02-13 06:15:00,SHORT,BEARISH,BEARISH,AGREE,AGREE,True
2026-02-13 07:20:00,SHORT,BEARISH,BEARISH,AGREE,AGREE,True
2026-02-13 12:10:00,SHORT,BEARISH,BEARISH,AGREE,AGREE,True
2026-02-16 19:15:00,SHORT,BEARISH,BEARISH,AGREE,AGREE,True
2026-02-16 19:50:00,LONG,BEARISH,BEARISH,CONFLICT,CONFLICT,False
2026-02-16 20:20:00,SHORT,BEARISH,BEARISH,AGREE,AGREE,True
2026-02-16 21:10:00,LONG,BEARISH,BEARISH,CONFLICT,CONFLICT,False
2026-02-17 01:00:00,SHORT,BEARISH,BEARISH,AGREE,AGREE,True
2026-02-17 02:55:00,LONG,BEARISH,BEARISH,CONFLICT,CONFLICT,False
2026-02-17 04:10:00,SHORT,BEARISH,BEARISH,AGREE,AGREE,True
2026-02-17 07:15:00,LONG,BEARISH,BEARISH,CONFLICT,CONFLICT,False
2026-02-17 11:45:00,LONG,BEARISH,BEARISH,CONFLICT,CONFLICT,False
2026-02-17 11:50:00,SHORT,BEARISH,BEARISH,AGREE,AGREE,True
2026-02-17 11:50:00,SHORT,BEARISH,BEARISH,AGREE,AGREE,True
2026-02-17 12:50:00,LONG,BEARISH,BEARISH,CONFLICT,CONFLICT,False
2026-02-18 08:00:00,LONG,BEARISH,BEARISH,CONFLICT,CONFLICT,False
2026-02-18 18:20:00,LONG,BEARISH,BEARISH,CONFLICT,CONFLICT,False
2026-02-19 06:45:00,LONG,BEARISH,BEARISH,CONFLICT,CONFLICT,False
2026-02-19 10:45:00,SHORT,BEARISH,BEARISH,AGREE,AGREE,True
2026-02-19 16:30:00,LONG,BEARISH,BEARISH,CONFLICT,CONFLICT,False
2026-02-20 03:00:00,SHORT,BEARISH,BEARISH,AGREE,AGREE,True
2026-02-20 07:40:00,LONG,BEARISH,BEARISH,CONFLICT,CONFLICT,False
2026-02-20 09:55:00,LONG,BEARISH,BEARISH,CONFLICT,CONFLICT,False
2026-02-23 14:25:00,LONG,BEARISH,BEARISH,CONFLICT,CONFLICT,False
2026-02-23 14:40:00,SHORT,BEARISH,BEARISH,AGREE,AGREE,True
2026-02-24 13:40:00,SHORT,BEARISH,BEARISH,AGREE,AGREE,True
2026-02-25 22:45:00,LONG,BEARISH,BEARISH,CONFLICT,CONFLICT,False
2026-02-26 01:00:00,SHORT,BEARISH,BEARISH,AGREE,AGREE,True
2026-02-26 01:55:00,LONG,BEARISH,BEARISH,CONFLICT,CONFLICT,False
2026-02-26 10:30:00,LONG,BEARISH,BEARISH,CONFLICT,CONFLICT,False
2026-02-26 13:50:00,LONG,BEARISH,BEARISH,CONFLICT,CONFLICT,False
2026-02-26 14:25:00,SHORT,BEARISH,BEARISH,AGREE,AGREE,True
2026-02-26 16:30:00,LONG,BEARISH,BEARISH,CONFLICT,CONFLICT,False
2026-02-27 11:45:00,SHORT,BEARISH,BEARISH,AGREE,AGREE,True
2026-03-02 03:25:00,LONG,BEARISH,BEARISH,CONFLICT,CONFLICT,False
2026-03-02 07:15:00,LONG,BEARISH,BEARISH,CONFLICT,CONFLICT,False
2026-03-02 13:45:00,LONG,BEARISH,BEARISH,CONFLICT,CONFLICT,False
2026-03-02 15:00:00,SHORT,BEARISH,BEARISH,AGREE,AGREE,True
2026-03-02 23:45:00,LONG,BEARISH,BEARISH,CONFLICT,CONFLICT,False
2026-03-03 19:30:00,LONG,BEARISH,BEARISH,CONFLICT,CONFLICT,False
2026-03-03 22:50:00,LONG,BEARISH,BEARISH,CONFLICT,CONFLICT,False
2026-03-05 14:05:00,SHORT,BEARISH,BEARISH,AGREE,AGREE,True
2026-03-05 21:15:00,LONG,BEARISH,BEARISH,CONFLICT,CONFLICT,False
2026-03-06 01:40:00,SHORT,BEARISH,BEARISH,AGREE,AGREE,True
2026-03-06 17:25:00,SHORT,BEARISH,BEARISH,AGREE,AGREE,True
2026-03-06 21:15:00,SHORT,BEARISH,BEARISH,AGREE,AGREE,True
2026-03-06 22:25:00,LONG,BEARISH,BEARISH,CONFLICT,CONFLICT,False
2026-03-06 23:05:00,SHORT,BEARISH,BEARISH,AGREE,AGREE,True
2026-03-09 03:00:00,LONG,BEARISH,BEARISH,CONFLICT,CONFLICT,False
2026-03-09 07:00:00,LONG,BEARISH,BEARISH,CONFLICT,CONFLICT,False
2026-03-09 10:00:00,SHORT,BEARISH,BEARISH,AGREE,AGREE,True
2026-03-09 10:25:00,LONG,BEARISH,BEARISH,CONFLICT,CONFLICT,False
2026-03-09 14:30:00,SHORT,BEARISH,BEARISH,AGREE,AGREE,True
2026-03-09 16:40:00,SHORT,BEARISH,BEARISH,AGREE,AGREE,True
2026-03-10 01:00:00,SHORT,BEARISH,BEARISH,AGREE,AGREE,True
2026-03-10 02:30:00,LONG,BEARISH,BEARISH,CONFLICT,CONFLICT,False
2026-03-10 09:20:00,LONG,BEARISH,BEARISH,CONFLICT,CONFLICT,False
2026-03-10 10:45:00,SHORT,BEARISH,BEARISH,AGREE,AGREE,True
2026-03-11 07:30:00,LONG,BEARISH,BEARISH,CONFLICT,CONFLICT,False
2026-03-11 13:55:00,LONG,BEARISH,BEARISH,CONFLICT,CONFLICT,False
2026-03-11 14:15:00,SHORT,BEARISH,BEARISH,AGREE,AGREE,True
2026-03-12 02:00:00,LONG,BEARISH,BEARISH,CONFLICT,CONFLICT,False
2026-03-12 07:25:00,LONG,BEARISH,BEARISH,CONFLICT,CONFLICT,False
2026-03-12 14:05:00,LONG,BEARISH,BEARISH,CONFLICT,CONFLICT,False
2026-03-12 14:45:00,SHORT,BEARISH,BEARISH,AGREE,AGREE,True
2026-03-13 10:00:00,LONG,BEARISH,BEARISH,CONFLICT,CONFLICT,False
2026-03-13 12:15:00,SHORT,BEARISH,BEARISH,AGREE,AGREE,True
2026-03-13 14:45:00,SHORT,BEARISH,BEARISH,AGREE,AGREE,True
2026-03-16 00:05:00,SHORT,BEARISH,BEARISH,AGREE,AGREE,True
2026-03-16 00:00:00,LONG,BEARISH,BEARISH,CONFLICT,CONFLICT,False
2026-03-16 00:45:00,SHORT,BEARISH,BEARISH,AGREE,AGREE,True
2026-03-16 08:10:00,SHORT,BEARISH,BEARISH,AGREE,AGREE,True
2026-03-16 11:45:00,LONG,BEARISH,BEARISH,CONFLICT,CONFLICT,False
2026-03-16 15:15:00,SHORT,BEARISH,BEARISH,AGREE,AGREE,True
2026-03-17 02:40:00,LONG,BEARISH,BEARISH,CONFLICT,CONFLICT,False
2026-03-17 07:15:00,SHORT,BEARISH,BEARISH,AGREE,AGREE,True
2026-03-17 13:55:00,LONG,BEARISH,BEARISH,CONFLICT,CONFLICT,False
2026-03-17 15:30:00,SHORT,BEARISH,BEARISH,AGREE,AGREE,True
2026-03-18 06:30:00,LONG,BEARISH,BEARISH,CONFLICT,CONFLICT,False
2026-03-18 08:35:00,SHORT,BEARISH,BEARISH,AGREE,AGREE,True
2026-03-19 00:20:00,LONG,BEARISH,BEARISH,CONFLICT,CONFLICT,False
2026-03-19 07:05:00,SHORT,BEARISH,BEARISH,AGREE,AGREE,True
2026-03-20 01:40:00,LONG,BEARISH,BEARISH,CONFLICT,CONFLICT,False
2026-03-20 12:50:00,LONG,BEARISH,BEARISH,CONFLICT,CONFLICT,False
2026-03-23 13:05:00,SHORT,BEARISH,BEARISH,AGREE,AGREE,True
2026-03-23 14:00:00,LONG,BEARISH,BEARISH,CONFLICT,CONFLICT,False
2026-03-23 20:05:00,LONG,BEARISH,BEARISH,CONFLICT,CONFLICT,False
2026-03-23 20:25:00,SHORT,BEARISH,BEARISH,AGREE,AGREE,True
2026-03-24 00:00:00,LONG,BEARISH,BEARISH,CONFLICT,CONFLICT,False
2026-03-24 03:10:00,LONG,BEARISH,BEARISH,CONFLICT,CONFLICT,False
2026-03-24 07:05:00,LONG,BEARISH,BEARISH,CONFLICT,CONFLICT,False
2026-03-24 12:55:00,SHORT,BEARISH,BEARISH,AGREE,AGREE,True
2026-03-25 20:00:00,SHORT,BEARISH,BEARISH,AGREE,AGREE,True
2026-03-26 01:35:00,LONG,BEARISH,BEARISH,CONFLICT,CONFLICT,False
2026-03-26 06:10:00,SHORT,BEARISH,BEARISH,AGREE,AGREE,True
2026-03-26 20:20:00,LONG,BEARISH,BEARISH,CONFLICT,CONFLICT,False
2026-03-26 20:40:00,SHORT,BEARISH,BEARISH,AGREE,AGREE,True
2026-03-26 21:50:00,LONG,BEARISH,BEARISH,CONFLICT,CONFLICT,False
2026-03-27 02:20:00,LONG,BEARISH,BEARISH,CONFLICT,CONFLICT,False
2026-03-30 07:35:00,LONG,BEARISH,BEARISH,CONFLICT,CONFLICT,False
2026-03-30 17:20:00,LONG,BEARISH,BEARISH,CONFLICT,CONFLICT,False
2026-03-31 02:00:00,LONG,BEARISH,BEARISH,CONFLICT,CONFLICT,False
2026-03-31 13:35:00,LONG,BEARISH,BEARISH,CONFLICT,CONFLICT,False
2026-03-31 14:20:00,SHORT,BEARISH,BEARISH,AGREE,AGREE,True
2026-03-31 19:10:00,LONG,BEARISH,BEARISH,CONFLICT,CONFLICT,False
2026-04-01 20:00:00,SHORT,BEARISH,BEARISH,AGREE,AGREE,True
2026-04-02 16:00:00,LONG,BEARISH,BEARISH,CONFLICT,CONFLICT,False
2026-04-02 21:55:00,SHORT,BEARISH,BEARISH,AGREE,AGREE,True
2026-04-06 16:30:00,LONG,BEARISH,BEARISH,CONFLICT,CONFLICT,False
2026-04-06 17:35:00,SHORT,BEARISH,BEARISH,AGREE,AGREE,True
2026-04-06 20:10:00,LONG,BEARISH,BEARISH,CONFLICT,CONFLICT,False
2026-04-06 21:10:00,SHORT,BEARISH,BEARISH,AGREE,AGREE,True
2026-04-06 22:15:00,LONG,BEARISH,BEARISH,CONFLICT,CONFLICT,False
2026-04-07 01:05:00,SHORT,BEARISH,BEARISH,AGREE,AGREE,True
2026-04-07 03:00:00,LONG,BEARISH,BEARISH,CONFLICT,CONFLICT,False
2026-04-07 03:45:00,SHORT,BEARISH,BEARISH,AGREE,AGREE,True
2026-04-07 17:00:00,LONG,BEARISH,BEARISH,CONFLICT,CONFLICT,False
2026-04-08 03:00:00,SHORT,BEARISH,BEARISH,AGREE,AGREE,True
2026-04-08 08:45:00,SHORT,BEARISH,BEARISH,AGREE,AGREE,True
2026-04-08 12:40:00,LONG,BEARISH,BEARISH,CONFLICT,CONFLICT,False
2026-04-08 14:25:00,SHORT,BEARISH,BEARISH,AGREE,AGREE,True
2026-04-09 03:00:00,LONG,BEARISH,BEARISH,CONFLICT,CONFLICT,False
2026-04-09 07:00:00,SHORT,BEARISH,BEARISH,AGREE,AGREE,True
2026-04-09 08:10:00,LONG,BEARISH,BEARISH,CONFLICT,CONFLICT,False
2026-04-09 08:25:00,SHORT,BEARISH,BEARISH,AGREE,AGREE,True
2026-04-09 09:50:00,LONG,BEARISH,BEARISH,CONFLICT,CONFLICT,False
2026-04-09 16:35:00,SHORT,BEARISH,BEARISH,AGREE,AGREE,True
2026-04-09 17:30:00,LONG,BEARISH,BEARISH,CONFLICT,CONFLICT,False
2026-04-09 20:40:00,SHORT,BEARISH,BEARISH,AGREE,AGREE,True
2026-04-10 05:15:00,LONG,BEARISH,BEARISH,CONFLICT,CONFLICT,False
2026-04-10 11:15:00,LONG,BEARISH,BEARISH,CONFLICT,CONFLICT,False
2026-04-10 12:15:00,SHORT,BEARISH,BEARISH,AGREE,AGREE,True
2026-04-10 13:05:00,LONG,BEARISH,BEARISH,CONFLICT,CONFLICT,False
2026-04-10 20:10:00,SHORT,BEARISH,BEARISH,AGREE,AGREE,True
2026-04-10 21:00:00,LONG,BEARISH,BEARISH,CONFLICT,CONFLICT,False
2026-04-10 21:20:00,SHORT,BEARISH,BEARISH,AGREE,AGREE,True
2026-04-13 13:25:00,LONG,BEARISH,BEARISH,CONFLICT,CONFLICT,False
2026-04-13 13:45:00,SHORT,BEARISH,BEARISH,AGREE,AGREE,True
2026-04-13 14:40:00,LONG,BEARISH,BEARISH,CONFLICT,CONFLICT,False
2026-04-13 16:45:00,SHORT,BEARISH,BEARISH,AGREE,AGREE,True
2026-04-13 18:00:00,LONG,BEARISH,BEARISH,CONFLICT,CONFLICT,False
2026-04-13 20:20:00,SHORT,BEARISH,BEARISH,AGREE,AGREE,True
2026-04-13 21:15:00,LONG,BEARISH,BEARISH,CONFLICT,CONFLICT,False
2026-04-14 11:25:00,SHORT,BEARISH,BEARISH,AGREE,AGREE,True
2026-04-14 15:50:00,LONG,BEARISH,BEARISH,CONFLICT,CONFLICT,False
2026-04-14 20:40:00,SHORT,BEARISH,BEARISH,AGREE,AGREE,True
2026-04-15 08:15:00,SHORT,BEARISH,BEARISH,AGREE,AGREE,True
2026-04-15 17:15:00,SHORT,BEARISH,BEARISH,AGREE,AGREE,True
2026-04-16 01:00:00,LONG,BEARISH,BEARISH,CONFLICT,CONFLICT,False
2026-04-16 13:15:00,LONG,BEARISH,BEARISH,CONFLICT,CONFLICT,False
2026-04-16 14:55:00,SHORT,BEARISH,BEARISH,AGREE,AGREE,True
2026-04-16 16:50:00,LONG,BEARISH,BEARISH,CONFLICT,CONFLICT,False
2026-04-17 01:00:00,LONG,BEARISH,BEARISH,CONFLICT,CONFLICT,False
2026-04-17 03:05:00,LONG,BEARISH,BEARISH,CONFLICT,CONFLICT,False
2026-04-17 03:45:00,SHORT,BEARISH,BEARISH,AGREE,AGREE,True
2026-04-17 10:50:00,LONG,BEARISH,BEARISH,CONFLICT,CONFLICT,False
2026-04-17 20:20:00,LONG,BEARISH,BEARISH,CONFLICT,CONFLICT,False
2026-04-20 08:40:00,LONG,BEARISH,BEARISH,CONFLICT,CONFLICT,False
2026-04-21 01:00:00,SHORT,BEARISH,BEARISH,AGREE,AGREE,True
2026-04-21 14:35:00,SHORT,BEARISH,BEARISH,AGREE,AGREE,True
2026-04-21 16:40:00,SHORT,BEARISH,BEARISH,AGREE,AGREE,True
2026-04-21 22:40:00,LONG,BEARISH,BEARISH,CONFLICT,CONFLICT,False
2026-04-22 09:55:00,SHORT,BEARISH,BEARISH,AGREE,AGREE,True
2026-04-22 12:40:00,SHORT,BEARISH,BEARISH,AGREE,AGREE,True
2026-04-22 15:25:00,SHORT,BEARISH,BEARISH,AGREE,AGREE,True
2026-04-22 16:45:00,SHORT,BEARISH,BEARISH,AGREE,AGREE,True
2026-04-22 19:15:00,LONG,BEARISH,BEARISH,CONFLICT,CONFLICT,False
2026-04-23 01:00:00,SHORT,BEARISH,BEARISH,AGREE,AGREE,True
2026-04-23 03:00:00,LONG,BEARISH,BEARISH,CONFLICT,CONFLICT,False
2026-04-23 10:00:00,LONG,BEARISH,BEARISH,CONFLICT,CONFLICT,False
2026-04-23 11:00:00,SHORT,BEARISH,BEARISH,AGREE,AGREE,True
2026-04-23 17:00:00,LONG,BEARISH,BEARISH,CONFLICT,CONFLICT,False
2026-04-24 02:10:00,LONG,BEARISH,BEARISH,CONFLICT,CONFLICT,False
2026-04-24 04:05:00,LONG,BEARISH,BEARISH,CONFLICT,CONFLICT,False
2026-04-24 03:20:00,SHORT,BEARISH,BEARISH,AGREE,AGREE,True
2026-04-24 07:20:00,LONG,BEARISH,BEARISH,CONFLICT,CONFLICT,False
2026-04-24 13:30:00,LONG,BEARISH,BEARISH,CONFLICT,CONFLICT,False
2026-04-24 15:45:00,LONG,BEARISH,BEARISH,CONFLICT,CONFLICT,False
2026-04-27 15:15:00,SHORT,BEARISH,BEARISH,AGREE,AGREE,True
2026-04-27 22:00:00,LONG,BEARISH,BEARISH,CONFLICT,CONFLICT,False
2026-04-28 07:40:00,SHORT,BEARISH,BEARISH,AGREE,AGREE,True
2026-04-29 02:05:00,LONG,BEARISH,BEARISH,CONFLICT,CONFLICT,False
2026-04-29 03:00:00,SHORT,BEARISH,BEARISH,AGREE,AGREE,True
2026-04-29 06:45:00,LONG,BEARISH,BEARISH,CONFLICT,CONFLICT,False
2026-04-30 04:25:00,SHORT,BEARISH,BEARISH,AGREE,AGREE,True
2026-04-30 15:30:00,LONG,BEARISH,BEARISH,CONFLICT,CONFLICT,False
2026-04-30 15:55:00,SHORT,BEARISH,BEARISH,AGREE,AGREE,True
2026-04-30 21:15:00,SHORT,BEARISH,BEARISH,AGREE,AGREE,True
2026-04-30 22:20:00,LONG,BEARISH,BEARISH,CONFLICT,CONFLICT,False
2026-05-01 02:30:00,SHORT,BEARISH,BEARISH,AGREE,AGREE,True
2026-05-01 04:00:00,LONG,BEARISH,BEARISH,CONFLICT,CONFLICT,False
2026-05-01 16:15:00,LONG,BEARISH,BEARISH,CONFLICT,CONFLICT,False
2026-05-01 21:00:00,LONG,BEARISH,BEARISH,CONFLICT,CONFLICT,False
2026-05-01 22:10:00,SHORT,BEARISH,BEARISH,AGREE,AGREE,True
2026-05-05 03:25:00,LONG,BEARISH,BEARISH,CONFLICT,CONFLICT,False
2026-05-05 08:30:00,SHORT,BEARISH,BEARISH,AGREE,AGREE,True
2026-05-05 09:20:00,LONG,BEARISH,BEARISH,CONFLICT,CONFLICT,False
2026-05-05 10:00:00,SHORT,BEARISH,BEARISH,AGREE,AGREE,True
2026-05-05 10:45:00,LONG,BEARISH,BEARISH,CONFLICT,CONFLICT,False
2026-05-05 13:50:00,LONG,BEARISH,BEARISH,CONFLICT,CONFLICT,False
2026-05-05 16:00:00,SHORT,BEARISH,BEARISH,AGREE,AGREE,True
2026-05-05 20:05:00,LONG,BEARISH,BEARISH,CONFLICT,CONFLICT,False
2026-05-05 21:45:00,SHORT,BEARISH,BEARISH,AGREE,AGREE,True
2026-05-05 22:55:00,LONG,BEARISH,BEARISH,CONFLICT,CONFLICT,False
2026-05-06 08:30:00,LONG,BEARISH,BEARISH,CONFLICT,CONFLICT,False
2026-05-06 10:15:00,LONG,BEARISH,BEARISH,CONFLICT,CONFLICT,False
2026-05-06 13:50:00,SHORT,BEARISH,BEARISH,AGREE,AGREE,True
2026-05-06 20:35:00,LONG,BEARISH,BEARISH,CONFLICT,CONFLICT,False
2026-05-06 22:00:00,SHORT,BEARISH,BEARISH,AGREE,AGREE,True
2026-05-06 22:55:00,LONG,BEARISH,BEARISH,CONFLICT,CONFLICT,False
2026-05-07 04:15:00,SHORT,BEARISH,BEARISH,AGREE,AGREE,True
2026-05-07 17:50:00,SHORT,BEARISH,BEARISH,AGREE,AGREE,True
2026-05-08 09:25:00,SHORT,BEARISH,BEARISH,AGREE,AGREE,True
2026-05-08 15:10:00,LONG,BEARISH,BEARISH,CONFLICT,CONFLICT,False
2026-05-08 22:40:00,SHORT,BEARISH,BEARISH,AGREE,AGREE,True
2026-05-11 02:25:00,SHORT,BEARISH,BEARISH,AGREE,AGREE,True
2026-05-11 03:00:00,LONG,BEARISH,BEARISH,CONFLICT,CONFLICT,False
2026-05-11 07:30:00,LONG,BEARISH,BEARISH,CONFLICT,CONFLICT,False
2026-05-11 08:30:00,SHORT,BEARISH,BEARISH,AGREE,AGREE,True
2026-05-11 12:10:00,LONG,BEARISH,BEARISH,CONFLICT,CONFLICT,False
2026-05-12 02:50:00,SHORT,BEARISH,BEARISH,AGREE,AGREE,True
2026-05-12 13:05:00,SHORT,BEARISH,BEARISH,AGREE,AGREE,True
2026-05-12 14:55:00,SHORT,BEARISH,BEARISH,AGREE,AGREE,True
2026-05-13 03:00:00,SHORT,BEARISH,BEARISH,AGREE,AGREE,True
2026-05-13 08:30:00,LONG,BEARISH,BEARISH,CONFLICT,CONFLICT,False
2026-05-13 12:10:00,LONG,BEARISH,BEARISH,CONFLICT,CONFLICT,False
2026-05-13 19:20:00,SHORT,BEARISH,BEARISH,AGREE,AGREE,True
2026-05-13 21:45:00,LONG,BEARISH,BEARISH,CONFLICT,CONFLICT,False
2026-05-14 02:05:00,SHORT,BEARISH,BEARISH,AGREE,AGREE,True
2026-05-14 03:55:00,SHORT,BEARISH,BEARISH,AGREE,AGREE,True
2026-05-14 06:35:00,LONG,BEARISH,BEARISH,CONFLICT,CONFLICT,False
2026-05-14 10:25:00,SHORT,BEARISH,BEARISH,AGREE,AGREE,True
2026-05-14 15:20:00,SHORT,BEARISH,BEARISH,AGREE,AGREE,True
2026-05-15 02:25:00,SHORT,BEARISH,BEARISH,AGREE,AGREE,True
2026-05-15 10:10:00,SHORT,BEARISH,BEARISH,AGREE,AGREE,True
2026-05-15 12:05:00,SHORT,BEARISH,BEARISH,AGREE,AGREE,True
2026-05-15 12:10:00,LONG,BEARISH,BEARISH,CONFLICT,CONFLICT,False
2026-05-15 13:45:00,SHORT,BEARISH,BEARISH,AGREE,AGREE,True
2026-05-15 16:25:00,SHORT,BEARISH,BEARISH,AGREE,AGREE,True
2026-05-15 16:00:00,LONG,BEARISH,BEARISH,CONFLICT,CONFLICT,False
2026-05-18 06:30:00,LONG,BEARISH,BEARISH,CONFLICT,CONFLICT,False
2026-05-18 11:45:00,SHORT,BEARISH,BEARISH,AGREE,AGREE,True
2026-05-18 16:50:00,SHORT,BEARISH,BEARISH,AGREE,AGREE,True
2026-05-19 02:20:00,SHORT,BEARISH,BEARISH,AGREE,AGREE,True
2026-05-19 08:20:00,LONG,BEARISH,BEARISH,CONFLICT,CONFLICT,False
2026-05-19 10:05:00,SHORT,BEARISH,BEARISH,AGREE,AGREE,True
2026-05-19 10:25:00,LONG,BEARISH,BEARISH,CONFLICT,CONFLICT,False
2026-05-19 10:55:00,SHORT,BEARISH,BEARISH,AGREE,AGREE,True
2026-05-20 03:25:00,SHORT,BEARISH,BEARISH,AGREE,AGREE,True
2026-05-20 09:35:00,LONG,BEARISH,BEARISH,CONFLICT,CONFLICT,False
2026-05-20 16:10:00,SHORT,BEARISH,BEARISH,AGREE,AGREE,True
2026-05-20 16:20:00,LONG,BEARISH,BEARISH,CONFLICT,CONFLICT,False
2026-05-21 07:30:00,SHORT,BEARISH,BEARISH,AGREE,AGREE,True
2026-05-21 12:10:00,SHORT,BEARISH,BEARISH,AGREE,AGREE,True
2026-05-22 08:35:00,SHORT,BEARISH,BEARISH,AGREE,AGREE,True
2026-05-22 10:30:00,LONG,BEARISH,BEARISH,CONFLICT,CONFLICT,False
2026-05-22 12:15:00,LONG,BEARISH,BEARISH,CONFLICT,CONFLICT,False
2026-05-22 13:35:00,LONG,BEARISH,BEARISH,CONFLICT,CONFLICT,False
2026-05-22 14:30:00,SHORT,BEARISH,BEARISH,AGREE,AGREE,True
2026-05-22 17:00:00,LONG,BEARISH,BEARISH,CONFLICT,CONFLICT,False
2026-05-22 19:25:00,SHORT,BEARISH,BEARISH,AGREE,AGREE,True
2026-05-22 22:00:00,LONG,BEARISH,BEARISH,CONFLICT,CONFLICT,False
2026-05-25 14:15:00,SHORT,BEARISH,BEARISH,AGREE,AGREE,True
2026-05-26 01:55:00,SHORT,BEARISH,BEARISH,AGREE,AGREE,True
2026-05-26 06:20:00,SHORT,BEARISH,BEARISH,AGREE,AGREE,True
2026-05-26 10:15:00,LONG,BEARISH,BEARISH,CONFLICT,CONFLICT,False
2026-05-26 10:55:00,SHORT,BEARISH,BEARISH,AGREE,AGREE,True
2026-05-26 12:10:00,LONG,BEARISH,BEARISH,CONFLICT,CONFLICT,False
2026-05-26 14:35:00,LONG,BEARISH,BEARISH,CONFLICT,CONFLICT,False
2026-05-26 15:45:00,SHORT,BEARISH,BEARISH,AGREE,AGREE,True
2026-05-26 19:30:00,SHORT,BEARISH,BEARISH,AGREE,AGREE,True
2026-05-26 22:40:00,SHORT,BEARISH,BEARISH,AGREE,AGREE,True
2026-05-27 01:30:00,LONG,BEARISH,BEARISH,CONFLICT,CONFLICT,False
2026-05-27 05:00:00,LONG,BEARISH,BEARISH,CONFLICT,CONFLICT,False
2026-05-27 05:55:00,SHORT,BEARISH,BEARISH,AGREE,AGREE,True
2026-05-27 06:55:00,LONG,BEARISH,BEARISH,CONFLICT,CONFLICT,False
2026-05-27 07:45:00,SHORT,BEARISH,BEARISH,AGREE,AGREE,True
2026-05-27 10:45:00,LONG,BEARISH,BEARISH,CONFLICT,CONFLICT,False
2026-05-27 14:55:00,LONG,BEARISH,BEARISH,CONFLICT,CONFLICT,False
2026-05-27 15:15:00,SHORT,BEARISH,BEARISH,AGREE,AGREE,True
2026-05-27 21:20:00,SHORT,BEARISH,BEARISH,AGREE,AGREE,True
2026-05-27 22:10:00,LONG,BEARISH,BEARISH,CONFLICT,CONFLICT,False
2026-05-29 11:50:00,LONG,BEARISH,BEARISH,CONFLICT,CONFLICT,False
2026-05-29 15:20:00,LONG,BEARISH,BEARISH,CONFLICT,CONFLICT,False
2026-06-01 08:15:00,SHORT,BEARISH,BEARISH,AGREE,AGREE,True
2026-06-01 12:30:00,LONG,BEARISH,BEARISH,CONFLICT,CONFLICT,False
2026-06-01 19:05:00,LONG,BEARISH,BEARISH,CONFLICT,CONFLICT,False
2026-06-02 02:45:00,LONG,BEARISH,BEARISH,CONFLICT,CONFLICT,False
2026-06-02 03:30:00,SHORT,BEARISH,BEARISH,AGREE,AGREE,True
2026-06-02 04:45:00,LONG,BEARISH,BEARISH,CONFLICT,CONFLICT,False
2026-06-02 21:25:00,SHORT,BEARISH,BEARISH,AGREE,AGREE,True
2026-06-02 21:40:00,LONG,BEARISH,BEARISH,CONFLICT,CONFLICT,False
2026-06-03 01:00:00,LONG,BEARISH,BEARISH,CONFLICT,CONFLICT,False
2026-06-03 01:00:00,SHORT,BEARISH,BEARISH,AGREE,AGREE,True
2026-06-03 11:50:00,LONG,BEARISH,BEARISH,CONFLICT,CONFLICT,False
2026-06-03 21:10:00,LONG,BEARISH,BEARISH,CONFLICT,CONFLICT,False
2026-06-03 22:00:00,SHORT,BEARISH,BEARISH,AGREE,AGREE,True
2026-06-04 04:00:00,LONG,BEARISH,BEARISH,CONFLICT,CONFLICT,False
2026-06-04 16:40:00,SHORT,BEARISH,BEARISH,AGREE,AGREE,True
2026-06-04 17:50:00,LONG,BEARISH,BEARISH,CONFLICT,CONFLICT,False
2026-06-05 04:00:00,SHORT,BEARISH,BEARISH,AGREE,AGREE,True
2026-06-05 14:20:00,LONG,BEARISH,BEARISH,CONFLICT,CONFLICT,False
2026-06-05 15:20:00,SHORT,BEARISH,BEARISH,AGREE,AGREE,True
2026-06-05 22:10:00,LONG,BEARISH,BEARISH,CONFLICT,CONFLICT,False
2026-06-08 10:20:00,SHORT,BEARISH,BEARISH,AGREE,AGREE,True
2026-06-08 15:15:00,LONG,BEARISH,BEARISH,CONFLICT,CONFLICT,False
2026-06-08 16:30:00,SHORT,BEARISH,BEARISH,AGREE,AGREE,True
2026-06-09 08:40:00,SHORT,BEARISH,BEARISH,AGREE,AGREE,True
2026-06-09 10:15:00,LONG,BEARISH,BEARISH,CONFLICT,CONFLICT,False
2026-06-09 16:45:00,SHORT,BEARISH,BEARISH,AGREE,AGREE,True
2026-06-09 16:45:00,SHORT,BEARISH,BEARISH,AGREE,AGREE,True
2026-06-10 07:45:00,LONG,BEARISH,BEARISH,CONFLICT,CONFLICT,False
2026-06-11 02:10:00,LONG,BEARISH,BEARISH,CONFLICT,CONFLICT,False
2026-06-11 18:50:00,SHORT,BEARISH,BEARISH,AGREE,AGREE,True
2026-06-11 20:00:00,LONG,BEARISH,BEARISH,CONFLICT,CONFLICT,False
2026-06-12 15:15:00,SHORT,BEARISH,BULLISH,AGREE,CONFLICT,False
2026-06-12 15:20:00,LONG,BEARISH,BULLISH,CONFLICT,AGREE,False
2026-06-12 16:35:00,SHORT,BEARISH,BULLISH,AGREE,CONFLICT,False
2026-06-22 15:40:00,LONG,BEARISH,BULLISH,CONFLICT,AGREE,False
2026-06-23 02:35:00,SHORT,BEARISH,BULLISH,AGREE,CONFLICT,False
2026-06-23 04:00:00,SHORT,BEARISH,BEARISH,AGREE,AGREE,True
2026-06-23 16:00:00,LONG,BEARISH,BEARISH,CONFLICT,CONFLICT,False
2026-06-24 03:05:00,SHORT,BEARISH,BEARISH,AGREE,AGREE,True
2026-06-24 11:30:00,SHORT,BEARISH,BEARISH,AGREE,AGREE,True
2026-06-25 02:30:00,SHORT,BEARISH,BEARISH,AGREE,AGREE,True
2026-06-25 22:45:00,LONG,BULLISH,BULLISH,AGREE,AGREE,True
2026-06-26 01:35:00,SHORT,BULLISH,BEARISH,CONFLICT,AGREE,False
2026-06-26 09:55:00,SHORT,BULLISH,BEARISH,CONFLICT,AGREE,False
2026-06-26 11:00:00,LONG,BULLISH,BULLISH,AGREE,AGREE,True
2026-06-26 12:05:00,SHORT,BULLISH,BULLISH,CONFLICT,CONFLICT,False
2026-06-26 13:20:00,LONG,BULLISH,BULLISH,AGREE,AGREE,True
2026-06-26 13:30:00,SHORT,BULLISH,BULLISH,CONFLICT,CONFLICT,False
2026-06-26 13:30:00,SHORT,BULLISH,BULLISH,CONFLICT,CONFLICT,False
2026-06-26 14:45:00,LONG,BULLISH,BULLISH,AGREE,AGREE,True
2026-06-26 18:05:00,LONG,BULLISH,BULLISH,AGREE,AGREE,True
2026-06-26 21:45:00,LONG,BULLISH,BULLISH,AGREE,AGREE,True
2026-06-29 01:00:00,SHORT,BULLISH,BULLISH,CONFLICT,CONFLICT,False
2026-06-29 02:30:00,LONG,BULLISH,BEARISH,AGREE,CONFLICT,False
2026-06-29 10:25:00,SHORT,BULLISH,BEARISH,CONFLICT,AGREE,False
2026-06-30 12:30:00,LONG,BEARISH,BULLISH,CONFLICT,AGREE,False
2026-06-30 15:55:00,LONG,BEARISH,BEARISH,CONFLICT,CONFLICT,False
2026-07-01 10:05:00,LONG,BEARISH,BEARISH,CONFLICT,CONFLICT,False
2026-07-01 16:00:00,LONG,BEARISH,BULLISH,CONFLICT,AGREE,False
2026-07-01 17:30:00,SHORT,BULLISH,BULLISH,CONFLICT,CONFLICT,False
2026-07-02 08:10:00,LONG,BULLISH,BULLISH,AGREE,AGREE,True
2026-07-02 11:55:00,SHORT,BULLISH,BULLISH,CONFLICT,CONFLICT,False
2026-07-03 01:00:00,LONG,BULLISH,BEARISH,AGREE,CONFLICT,False
2026-07-03 08:30:00,SHORT,BULLISH,BULLISH,CONFLICT,CONFLICT,False
2026-07-06 01:30:00,SHORT,BULLISH,BULLISH,CONFLICT,CONFLICT,False
2026-07-06 04:45:00,SHORT,BULLISH,BULLISH,CONFLICT,CONFLICT,False
2026-07-06 14:15:00,SHORT,BEARISH,BEARISH,AGREE,AGREE,True
2026-07-06 15:20:00,LONG,BEARISH,BEARISH,CONFLICT,CONFLICT,False
2026-07-06 16:20:00,SHORT,BEARISH,BEARISH,AGREE,AGREE,True
2026-07-06 17:40:00,LONG,BEARISH,BEARISH,CONFLICT,CONFLICT,False
2026-07-07 01:00:00,LONG,BEARISH,BULLISH,CONFLICT,AGREE,False
2026-07-07 07:10:00,SHORT,BEARISH,BEARISH,AGREE,AGREE,True
2026-07-07 10:45:00,SHORT,BEARISH,BEARISH,AGREE,AGREE,True
2026-07-07 11:50:00,LONG,BEARISH,BEARISH,CONFLICT,CONFLICT,False
2026-07-09 04:00:00,LONG,BEARISH,BULLISH,CONFLICT,AGREE,False
2026-07-09 05:10:00,SHORT,BEARISH,BEARISH,AGREE,AGREE,True
2026-07-09 07:40:00,LONG,BEARISH,BEARISH,CONFLICT,CONFLICT,False
2026-07-10 03:55:00,SHORT,BULLISH,BEARISH,CONFLICT,AGREE,False
2026-07-10 04:35:00,LONG,BULLISH,BEARISH,AGREE,CONFLICT,False
2026-07-10 06:00:00,SHORT,BULLISH,BEARISH,CONFLICT,AGREE,False
2026-07-10 08:30:00,LONG,BULLISH,BEARISH,AGREE,CONFLICT,False
2026-07-10 15:10:00,SHORT,BULLISH,BULLISH,CONFLICT,CONFLICT,False
2026-07-10 17:30:00,LONG,BULLISH,BEARISH,AGREE,CONFLICT,False
2026-07-10 21:35:00,LONG,BULLISH,BEARISH,AGREE,CONFLICT,False
2026-07-10 22:40:00,SHORT,BULLISH,BEARISH,CONFLICT,AGREE,False
2026-07-13 04:30:00,SHORT,BULLISH,BEARISH,CONFLICT,AGREE,False
2026-07-13 07:10:00,LONG,BULLISH,BEARISH,AGREE,CONFLICT,False
2026-07-13 21:45:00,SHORT,BEARISH,BEARISH,AGREE,AGREE,True
2026-07-14 12:10:00,SHORT,BEARISH,BEARISH,AGREE,AGREE,True
2026-07-15 03:25:00,SHORT,BULLISH,BULLISH,CONFLICT,CONFLICT,False
2026-07-16 05:35:00,LONG,BULLISH,BEARISH,AGREE,CONFLICT,False
2026-07-16 08:20:00,LONG,BULLISH,BEARISH,AGREE,CONFLICT,False
2026-07-16 09:05:00,SHORT,BULLISH,BEARISH,CONFLICT,AGREE,False
2026-07-16 14:15:00,LONG,BULLISH,BEARISH,AGREE,CONFLICT,False
2026-07-16 14:45:00,SHORT,BULLISH,BEARISH,CONFLICT,AGREE,False
2026-07-17 03:55:00,SHORT,BEARISH,BEARISH,AGREE,AGREE,True
2026-07-17 16:30:00,LONG,BEARISH,BEARISH,CONFLICT,CONFLICT,False
2026-07-17 22:50:00,SHORT,BEARISH,BULLISH,AGREE,CONFLICT,False
2026-07-20 14:30:00,SHORT,BULLISH,BULLISH,CONFLICT,CONFLICT,False
2026-07-20 17:00:00,LONG,BULLISH,BULLISH,AGREE,AGREE,True
2026-07-20 22:30:00,SHORT,BULLISH,BEARISH,CONFLICT,AGREE,False
2026-07-21 13:35:00,SHORT,BULLISH,BULLISH,CONFLICT,CONFLICT,False
2026-07-22 08:15:00,LONG,BULLISH,BULLISH,AGREE,AGREE,True
2026-07-22 15:55:00,LONG,BULLISH,BEARISH,AGREE,CONFLICT,False
2026-07-23 03:25:00,SHORT,BULLISH,BULLISH,CONFLICT,CONFLICT,False
2026-07-23 13:50:00,SHORT,BEARISH,BEARISH,AGREE,AGREE,True
2026-07-24 08:15:00,LONG,BEARISH,BEARISH,CONFLICT,CONFLICT,False
2026-07-24 16:05:00,LONG,BEARISH,BULLISH,CONFLICT,AGREE,False
2026-07-24 19:25:00,SHORT,BEARISH,BULLISH,AGREE,CONFLICT,False
2026-07-27 08:05:00,SHORT,BULLISH,BULLISH,CONFLICT,CONFLICT,False
2026-07-27 08:25:00,LONG,BULLISH,BULLISH,AGREE,AGREE,True
2026-07-27 10:00:00,SHORT,BULLISH,BULLISH,CONFLICT,CONFLICT,False
2026-07-27 14:05:00,SHORT,BULLISH,BULLISH,CONFLICT,CONFLICT,False
2026-07-27 18:50:00,SHORT,BEARISH,BEARISH,AGREE,AGREE,True
2026-07-27 21:35:00,LONG,BEARISH,BEARISH,CONFLICT,CONFLICT,False
2026-07-28 05:40:00,LONG,BEARISH,BEARISH,CONFLICT,CONFLICT,False
2026-07-28 11:00:00,SHORT,BEARISH,BEARISH,AGREE,AGREE,True
2026-07-28 17:15:00,LONG,BEARISH,BEARISH,CONFLICT,CONFLICT,False
2026-07-28 21:30:00,LONG,BEARISH,BULLISH,CONFLICT,AGREE,False
2026-07-28 22:30:00,SHORT,BEARISH,BULLISH,AGREE,CONFLICT,False
2026-07-29 17:05:00,LONG,BEARISH,BEARISH,CONFLICT,CONFLICT,False
2026-07-30 17:00:00,SHORT,BULLISH,BULLISH,CONFLICT,CONFLICT,False
2026-07-30 18:10:00,LONG,BULLISH,BULLISH,AGREE,AGREE,True
2026-07-31 08:50:00,LONG,BULLISH,BEARISH,AGREE,CONFLICT,False
2026-07-31 09:15:00,SHORT,BULLISH,BEARISH,CONFLICT,AGREE,False
2026-07-31 14:10:00,SHORT,BULLISH,BEARISH,CONFLICT,AGREE,False
2026-07-31 22:10:00,LONG,BULLISH,BEARISH,AGREE,CONFLICT,False
2026-08-03 07:05:00,SHORT,BULLISH,BEARISH,CONFLICT,AGREE,False
2026-08-03 13:50:00,LONG,BULLISH,BEARISH,AGREE,CONFLICT,False
2026-08-03 14:40:00,SHORT,BULLISH,BEARISH,CONFLICT,AGREE,False
2026-08-04 03:00:00,SHORT,BULLISH,BULLISH,CONFLICT,CONFLICT,False
2026-08-04 08:30:00,SHORT,BULLISH,BULLISH,CONFLICT,CONFLICT,False
2026-08-04 11:00:00,SHORT,BULLISH,BULLISH,CONFLICT,CONFLICT,False
2026-08-05 01:35:00,SHORT,BULLISH,BULLISH,CONFLICT,CONFLICT,False
2026-08-05 02:20:00,LONG,BULLISH,BULLISH,AGREE,AGREE,True
2026-08-05 21:20:00,SHORT,BULLISH,BULLISH,CONFLICT,CONFLICT,False
2026-08-06 05:05:00,SHORT,BULLISH,BULLISH,CONFLICT,CONFLICT,False
2026-08-06 07:25:00,LONG,BULLISH,BEARISH,AGREE,CONFLICT,False
2026-08-06 14:15:00,LONG,BULLISH,BEARISH,AGREE,CONFLICT,False
2026-08-06 15:30:00,SHORT,BULLISH,BEARISH,CONFLICT,AGREE,False
2026-08-06 22:10:00,SHORT,BULLISH,BEARISH,CONFLICT,AGREE,False
2026-08-07 01:00:00,LONG,BULLISH,BEARISH,AGREE,CONFLICT,False
2026-08-07 02:05:00,SHORT,BULLISH,BEARISH,CONFLICT,AGREE,False
2026-08-07 03:35:00,LONG,BULLISH,BULLISH,AGREE,AGREE,True
2026-08-07 07:40:00,LONG,BULLISH,BULLISH,AGREE,AGREE,True
2026-08-07 15:25:00,LONG,BULLISH,BULLISH,AGREE,AGREE,True
2026-08-07 17:00:00,LONG,BULLISH,BULLISH,AGREE,AGREE,True
2026-08-07 18:05:00,SHORT,BULLISH,BULLISH,CONFLICT,CONFLICT,False
2026-08-10 02:00:00,SHORT,BULLISH,BULLISH,CONFLICT,CONFLICT,False
2026-08-10 10:35:00,SHORT,BULLISH,BULLISH,CONFLICT,CONFLICT,False
2026-08-10 16:30:00,SHORT,BULLISH,BULLISH,CONFLICT,CONFLICT,False
2026-08-11 04:00:00,LONG,BULLISH,BULLISH,AGREE,AGREE,True
2026-08-11 10:55:00,LONG,BULLISH,BEARISH,AGREE,CONFLICT,False
2026-08-12 01:00:00,LONG,BULLISH,BEARISH,AGREE,CONFLICT,False
2026-08-12 06:05:00,SHORT,BULLISH,BULLISH,CONFLICT,CONFLICT,False
2026-08-12 07:05:00,LONG,BULLISH,BULLISH,AGREE,AGREE,True
2026-08-12 08:05:00,SHORT,BULLISH,BULLISH,CONFLICT,CONFLICT,False
2026-08-12 14:25:00,SHORT,BULLISH,BULLISH,CONFLICT,CONFLICT,False
2026-08-12 15:00:00,LONG,BULLISH,BULLISH,AGREE,AGREE,True
2026-08-13 06:55:00,LONG,BULLISH,BULLISH,AGREE,AGREE,True
2026-08-13 08:10:00,SHORT,BULLISH,BULLISH,CONFLICT,CONFLICT,False
2026-08-13 11:00:00,LONG,BEARISH,BEARISH,CONFLICT,CONFLICT,False
2026-08-13 14:10:00,SHORT,BEARISH,BEARISH,AGREE,AGREE,True
2026-08-13 14:25:00,LONG,BEARISH,BEARISH,CONFLICT,CONFLICT,False
2026-08-13 15:25:00,SHORT,BEARISH,BEARISH,AGREE,AGREE,True
2026-08-13 22:10:00,LONG,BEARISH,BEARISH,CONFLICT,CONFLICT,False
2026-08-14 02:25:00,SHORT,BEARISH,BEARISH,AGREE,AGREE,True
2026-08-14 08:05:00,LONG,BEARISH,BEARISH,CONFLICT,CONFLICT,False
2026-08-14 16:30:00,SHORT,BEARISH,BULLISH,AGREE,CONFLICT,False
2026-08-17 01:00:00,LONG,BEARISH,BULLISH,CONFLICT,AGREE,False
2026-08-17 08:10:00,LONG,BULLISH,BEARISH,AGREE,CONFLICT,False
2026-08-17 12:45:00,LONG,BULLISH,BULLISH,AGREE,AGREE,True
2026-08-18 08:30:00,LONG,BEARISH,BEARISH,CONFLICT,CONFLICT,False
2026-08-18 16:35:00,SHORT,BEARISH,BEARISH,AGREE,AGREE,True
2026-08-19 08:45:00,LONG,BEARISH,BEARISH,CONFLICT,CONFLICT,False
2026-08-20 01:00:00,SHORT,BULLISH,BULLISH,CONFLICT,CONFLICT,False
2026-08-20 06:10:00,LONG,BULLISH,BULLISH,AGREE,AGREE,True
2026-08-20 06:50:00,SHORT,BULLISH,BULLISH,CONFLICT,CONFLICT,False
2026-08-20 08:10:00,LONG,BULLISH,BULLISH,AGREE,AGREE,True
2026-08-20 14:35:00,LONG,BULLISH,BULLISH,AGREE,AGREE,True
2026-08-20 21:50:00,SHORT,BULLISH,BULLISH,CONFLICT,CONFLICT,False
2026-08-21 12:05:00,SHORT,BULLISH,BULLISH,CONFLICT,CONFLICT,False
2026-08-21 12:45:00,LONG,BULLISH,BULLISH,AGREE,AGREE,True
2026-08-21 15:30:00,LONG,BULLISH,BULLISH,AGREE,AGREE,True
2026-08-24 02:55:00,SHORT,BULLISH,BULLISH,CONFLICT,CONFLICT,False
2026-08-24 08:30:00,LONG,BULLISH,BULLISH,AGREE,AGREE,True
2026-08-24 13:00:00,SHORT,BULLISH,BULLISH,CONFLICT,CONFLICT,False
2026-08-24 13:45:00,LONG,BULLISH,BULLISH,AGREE,AGREE,True
2026-08-24 15:30:00,LONG,BULLISH,BULLISH,AGREE,AGREE,True
2026-08-24 21:05:00,LONG,BULLISH,BULLISH,AGREE,AGREE,True
2026-08-25 03:05:00,SHORT,BULLISH,BULLISH,CONFLICT,CONFLICT,False
2026-08-25 07:25:00,LONG,BULLISH,BULLISH,AGREE,AGREE,True
2026-08-25 14:05:00,SHORT,BULLISH,BEARISH,CONFLICT,AGREE,False
2026-08-25 20:05:00,LONG,BEARISH,BULLISH,CONFLICT,AGREE,False
2026-08-26 01:00:00,LONG,BULLISH,BULLISH,AGREE,AGREE,True
2026-08-26 14:55:00,SHORT,BULLISH,BEARISH,CONFLICT,AGREE,False
2026-08-27 12:30:00,LONG,BEARISH,BEARISH,CONFLICT,CONFLICT,False
2026-08-27 16:30:00,LONG,BEARISH,BEARISH,CONFLICT,CONFLICT,False
2026-08-27 22:00:00,SHORT,BEARISH,BULLISH,AGREE,CONFLICT,False
2026-08-28 08:25:00,SHORT,BEARISH,BEARISH,AGREE,AGREE,True
2026-08-28 08:30:00,LONG,BEARISH,BEARISH,CONFLICT,CONFLICT,False
2026-08-28 08:30:00,LONG,BEARISH,BEARISH,CONFLICT,CONFLICT,False
2026-08-28 15:20:00,SHORT,BEARISH,BEARISH,AGREE,AGREE,True
2026-08-28 15:35:00,LONG,BEARISH,BEARISH,CONFLICT,CONFLICT,False
2026-08-28 16:05:00,SHORT,BEARISH,BEARISH,AGREE,AGREE,True
2026-08-31 02:30:00,LONG,BEARISH,BEARISH,CONFLICT,CONFLICT,False
2026-08-31 21:25:00,LONG,BEARISH,BULLISH,CONFLICT,AGREE,False
2026-09-01 03:05:00,SHORT,BEARISH,BULLISH,AGREE,CONFLICT,False
2026-09-01 07:40:00,LONG,BEARISH,BEARISH,CONFLICT,CONFLICT,False
2026-09-01 12:35:00,LONG,BEARISH,BEARISH,CONFLICT,CONFLICT,False
2026-09-01 14:45:00,SHORT,BEARISH,BEARISH,AGREE,AGREE,True
2026-09-02 08:30:00,SHORT,BEARISH,BEARISH,AGREE,AGREE,True
2026-09-02 13:50:00,LONG,BEARISH,BULLISH,CONFLICT,AGREE,False
2026-09-02 22:20:00,SHORT,BEARISH,BULLISH,AGREE,CONFLICT,False
2026-09-03 09:20:00,LONG,BEARISH,BULLISH,CONFLICT,AGREE,False
2026-09-04 01:40:00,LONG,BEARISH,BULLISH,CONFLICT,AGREE,False
2026-09-04 03:45:00,SHORT,BEARISH,BULLISH,AGREE,CONFLICT,False
2026-09-04 08:15:00,SHORT,BEARISH,BEARISH,AGREE,AGREE,True
2026-09-09 05:45:00,SHORT,BEARISH,BEARISH,AGREE,AGREE,True
2026-09-09 06:55:00,LONG,BEARISH,BEARISH,CONFLICT,CONFLICT,False
2026-09-09 21:10:00,SHORT,BULLISH,BEARISH,CONFLICT,AGREE,False
2026-09-09 22:35:00,LONG,BULLISH,BEARISH,AGREE,CONFLICT,False
2026-09-10 02:30:00,LONG,BULLISH,BEARISH,AGREE,CONFLICT,False
2026-09-10 05:35:00,SHORT,BULLISH,BULLISH,CONFLICT,CONFLICT,False
2026-09-10 07:40:00,LONG,BULLISH,BULLISH,AGREE,AGREE,True
2026-09-10 15:15:00,LONG,BEARISH,BEARISH,CONFLICT,CONFLICT,False
2026-09-11 14:30:00,LONG,BULLISH,BEARISH,AGREE,CONFLICT,False
2026-09-14 04:00:00,LONG,BULLISH,BULLISH,AGREE,AGREE,True
2026-09-14 16:05:00,LONG,BEARISH,BEARISH,CONFLICT,CONFLICT,False
2026-09-15 16:50:00,SHORT,BEARISH,BEARISH,AGREE,AGREE,True
2026-09-15 21:10:00,SHORT,BEARISH,BULLISH,AGREE,CONFLICT,False
2026-09-16 07:20:00,SHORT,BULLISH,BULLISH,CONFLICT,CONFLICT,False
2026-09-16 07:45:00,LONG,BULLISH,BULLISH,AGREE,AGREE,True
2026-09-16 13:55:00,SHORT,BULLISH,BULLISH,CONFLICT,CONFLICT,False
2026-09-16 20:55:00,SHORT,BULLISH,BULLISH,CONFLICT,CONFLICT,False
2026-09-17 07:45:00,SHORT,BEARISH,BEARISH,AGREE,AGREE,True
2026-09-17 08:15:00,LONG,BEARISH,BEARISH,CONFLICT,CONFLICT,False
