setup_time,entry_time,exit_time,direction,session,status,r,bars_held
2025-06-09 02:55:00,2025-06-09 03:55:00,2025-06-09 04:00:00,SHORT,UNKNOWN,WIN,2.0,1
2025-06-16 13:15:00,2025-06-16 14:00:00,2025-06-16 14:05:00,LONG,UNKNOWN,WIN,2.0,1
2025-06-19 16:25:00,2025-06-19 17:10:00,2025-06-19 17:15:00,LONG,UNKNOWN,WIN,2.0,1
2025-06-20 23:10:00,2025-06-23 01:05:00,2025-06-23 01:10:00,LONG,UNKNOWN,LOSS,-1.0,1
2025-06-26 15:25:00,2025-06-26 15:50:00,2025-06-26 15:55:00,SHORT,UNKNOWN,WIN,2.0,1
2025-07-09 08:05:00,2025-07-09 09:00:00,2025-07-09 09:05:00,SHORT,UNKNOWN,WIN,2.0,1
2025-07-11 01:00:00,2025-07-11 01:55:00,2025-07-11 02:00:00,SHORT,UNKNOWN,WIN,2.0,1
2025-07-23 01:30:00,2025-07-23 02:15:00,2025-07-23 02:25:00,LONG,UNKNOWN,WIN,2.0,2
2025-09-01 01:05:00,2025-09-01 02:35:00,2025-09-01 02:50:00,LONG,UNKNOWN,WIN,2.0,3
2025-09-09 14:55:00,2025-09-09 15:15:00,2025-09-09 15:35:00,LONG,UNKNOWN,LOSS,-1.0,4
2025-09-10 08:35:00,2025-09-10 09:30:00,2025-09-10 09:40:00,LONG,UNKNOWN,LOSS,-1.0,2
2025-09-11 23:25:00,2025-09-12 01:15:00,2025-09-12 01:20:00,LONG,UNKNOWN,WIN,2.0,1
2025-09-16 14:00:00,2025-09-16 15:15:00,2025-09-16 15:20:00,LONG,UNKNOWN,WIN,2.0,1
2025-09-22 05:45:00,2025-09-22 07:20:00,2025-09-22 07:45:00,LONG,UNKNOWN,WIN,2.0,5
2025-09-25 12:25:00,2025-09-25 12:55:00,2025-09-25 13:50:00,LONG,UNKNOWN,WIN,2.0,11
2025-09-26 02:10:00,2025-09-26 03:05:00,2025-09-26 03:10:00,LONG,UNKNOWN,WIN,2.0,1
2025-09-29 22:05:00,2025-09-29 22:50:00,2025-09-29 23:10:00,LONG,UNKNOWN,WIN,2.0,4
2025-10-10 01:00:00,2025-10-10 01:20:00,2025-10-10 01:25:00,SHORT,UNKNOWN,WIN,2.0,1
2025-10-13 22:00:00,2025-10-13 23:00:00,2025-10-13 23:05:00,LONG,UNKNOWN,WIN,2.0,1
2025-10-14 01:30:00,2025-10-14 02:20:00,2025-10-14 02:25:00,LONG,UNKNOWN,WIN,2.0,1
2025-10-15 03:25:00,2025-10-15 05:30:00,2025-10-15 05:35:00,LONG,UNKNOWN,WIN,2.0,1
2025-10-15 15:15:00,2025-10-15 16:00:00,2025-10-15 16:10:00,LONG,UNKNOWN,WIN,2.0,2
2025-10-16 01:10:00,2025-10-16 01:30:00,2025-10-16 03:15:00,LONG,UNKNOWN,WIN,2.0,21
2025-10-22 08:15:00,2025-10-22 09:05:00,2025-10-22 09:30:00,SHORT,UNKNOWN,LOSS,-1.0,5
2025-10-27 05:35:00,2025-10-27 07:20:00,2025-10-27 07:25:00,SHORT,UNKNOWN,LOSS,-1.0,1
2025-10-31 06:05:00,2025-10-31 07:00:00,2025-10-31 07:05:00,LONG,UNKNOWN,LOSS,-1.0,1
2025-10-31 11:15:00,2025-10-31 12:45:00,2025-10-31 13:00:00,LONG,UNKNOWN,WIN,2.0,3
2025-10-31 13:05:00,2025-10-31 14:00:00,2025-10-31 14:10:00,LONG,UNKNOWN,WIN,2.0,2
2025-11-11 04:30:00,2025-11-11 04:45:00,2025-11-11 05:05:00,LONG,UNKNOWN,WIN,2.0,4
2025-11-11 09:50:00,2025-11-11 10:20:00,2025-11-11 10:25:00,LONG,UNKNOWN,WIN,2.0,1
2025-11-17 12:00:00,2025-11-17 13:40:00,2025-11-17 13:45:00,SHORT,UNKNOWN,WIN,2.0,1
2025-11-18 02:55:00,2025-11-18 04:15:00,2025-11-18 04:20:00,SHORT,UNKNOWN,WIN,2.0,1
2025-11-19 20:50:00,2025-11-19 22:15:00,2025-11-19 22:25:00,SHORT,UNKNOWN,WIN,2.0,2
2025-11-20 09:05:00,2025-11-20 09:25:00,2025-11-20 09:40:00,SHORT,UNKNOWN,WIN,2.0,3
2025-11-20 09:05:00,2025-11-20 09:45:00,2025-11-20 10:00:00,SHORT,UNKNOWN,WIN,2.0,3
2025-11-21 01:40:00,2025-11-21 02:35:00,2025-11-21 02:40:00,SHORT,UNKNOWN,LOSS,-1.0,1
2025-11-24 06:10:00,2025-11-24 08:00:00,2025-11-24 08:05:00,SHORT,UNKNOWN,LOSS,-1.0,1
2025-11-26 12:00:00,2025-11-26 12:50:00,2025-11-26 13:15:00,SHORT,UNKNOWN,LOSS,-1.0,5
2025-12-01 14:50:00,2025-12-01 15:50:00,2025-12-01 15:55:00,LONG,UNKNOWN,LOSS,-1.0,1
2025-12-01 14:50:00,2025-12-01 15:50:00,2025-12-01 15:55:00,LONG,UNKNOWN,LOSS,-1.0,1
2025-12-02 23:50:00,2025-12-03 01:10:00,2025-12-03 01:50:00,LONG,UNKNOWN,WIN,2.0,8
2025-12-09 14:10:00,2025-12-09 15:00:00,2025-12-09 15:05:00,LONG,UNKNOWN,WIN,2.0,1
2025-12-09 16:05:00,2025-12-09 16:55:00,2025-12-09 17:05:00,LONG,UNKNOWN,LOSS,-1.0,2
2025-12-31 20:15:00,2025-12-31 20:35:00,2025-12-31 20:40:00,SHORT,UNKNOWN,WIN,2.0,1
2026-01-02 12:50:00,2026-01-02 13:40:00,2026-01-02 13:45:00,SHORT,UNKNOWN,WIN,2.0,1
2026-01-05 07:10:00,2026-01-05 07:45:00,2026-01-05 08:00:00,SHORT,UNKNOWN,LOSS,-1.0,3
2026-01-30 23:50:00,2026-02-02 01:05:00,2026-02-02 01:15:00,SHORT,UNKNOWN,WIN,2.0,2
2026-02-03 10:40:00,2026-02-03 11:35:00,2026-02-03 11:45:00,SHORT,UNKNOWN,LOSS,-1.0,2
2026-02-04 01:00:00,2026-02-04 01:10:00,2026-02-04 02:10:00,SHORT,UNKNOWN,LOSS,-1.0,12
2026-02-04 07:40:00,2026-02-04 08:30:00,2026-02-04 08:40:00,SHORT,UNKNOWN,LOSS,-1.0,2
2026-02-04 07:40:00,2026-02-04 08:45:00,2026-02-04 09:00:00,SHORT,UNKNOWN,WIN,2.0,3
2026-02-04 15:50:00,2026-02-04 16:30:00,2026-02-04 16:35:00,SHORT,UNKNOWN,WIN,2.0,1
2026-02-05 13:20:00,2026-02-05 14:35:00,2026-02-05 14:40:00,SHORT,UNKNOWN,WIN,2.0,1
2026-02-09 15:05:00,2026-02-09 15:30:00,2026-02-09 15:40:00,SHORT,UNKNOWN,WIN,2.0,2
2026-02-09 22:20:00,2026-02-10 01:00:00,2026-02-10 01:05:00,SHORT,UNKNOWN,WIN,2.0,1
2026-02-10 22:45:00,2026-02-10 23:25:00,2026-02-10 23:40:00,SHORT,UNKNOWN,WIN,2.0,3
2026-02-11 15:25:00,2026-02-11 15:55:00,2026-02-11 16:00:00,SHORT,UNKNOWN,WIN,2.0,1
2026-02-12 14:35:00,2026-02-12 15:05:00,2026-02-12 15:15:00,SHORT,UNKNOWN,LOSS,-1.0,2
2026-02-13 07:20:00,2026-02-13 07:35:00,2026-02-13 07:40:00,SHORT,UNKNOWN,WIN,2.0,1
2026-02-13 12:10:00,2026-02-13 12:50:00,2026-02-13 12:55:00,SHORT,UNKNOWN,WIN,2.0,1
2026-02-16 19:15:00,2026-02-16 20:05:00,2026-02-16 20:10:00,SHORT,UNKNOWN,LOSS,-1.0,1
2026-03-06 01:40:00,2026-03-06 02:05:00,2026-03-06 02:15:00,SHORT,UNKNOWN,WIN,2.0,2
2026-03-09 10:00:00,2026-03-09 10:30:00,2026-03-09 10:45:00,SHORT,UNKNOWN,WIN,2.0,3
2026-03-09 16:40:00,2026-03-09 17:10:00,2026-03-09 17:20:00,SHORT,UNKNOWN,LOSS,-1.0,2
2026-03-16 00:05:00,2026-03-16 00:30:00,2026-03-16 01:00:00,SHORT,UNKNOWN,WIN,2.0,6
2026-03-16 00:45:00,2026-03-16 01:05:00,2026-03-16 01:15:00,SHORT,UNKNOWN,WIN,2.0,2
2026-03-17 15:40:00,2026-03-17 16:35:00,2026-03-17 17:25:00,SHORT,UNKNOWN,WIN,2.0,10
2026-03-24 12:55:00,2026-03-24 13:10:00,2026-03-24 13:15:00,SHORT,UNKNOWN,WIN,2.0,1
2026-05-15 12:05:00,2026-05-15 12:20:00,2026-05-15 12:35:00,SHORT,UNKNOWN,WIN,2.0,3
2026-05-15 12:05:00,2026-05-15 12:55:00,2026-05-15 13:05:00,SHORT,UNKNOWN,LOSS,-1.0,2
2026-05-15 16:25:00,2026-05-15 16:55:00,2026-05-15 17:00:00,SHORT,UNKNOWN,WIN,2.0,1
2026-05-18 11:45:00,2026-05-18 12:15:00,2026-05-18 12:30:00,SHORT,UNKNOWN,WIN,2.0,3
2026-05-19 03:00:00,2026-05-19 03:40:00,2026-05-19 03:45:00,SHORT,UNKNOWN,WIN,2.0,1
2026-05-19 10:55:00,2026-05-19 11:30:00,2026-05-19 11:45:00,SHORT,UNKNOWN,LOSS,-1.0,3
2026-05-20 16:10:00,2026-05-20 17:15:00,2026-05-20 17:20:00,SHORT,UNKNOWN,LOSS,-1.0,1
2026-05-22 08:35:00,2026-05-22 09:20:00,2026-05-22 10:35:00,SHORT,UNKNOWN,WIN,2.0,15
2026-05-22 15:10:00,2026-05-22 15:40:00,2026-05-22 16:40:00,SHORT,UNKNOWN,WIN,2.0,12
2026-05-22 19:25:00,2026-05-22 20:00:00,2026-05-22 20:20:00,SHORT,UNKNOWN,WIN,2.0,4
2026-06-02 21:25:00,2026-06-02 21:45:00,2026-06-03 01:00:00,SHORT,UNKNOWN,LOSS,-1.0,15
2026-06-05 04:00:00,2026-06-05 04:40:00,2026-06-05 04:45:00,SHORT,UNKNOWN,WIN,2.0,1
2026-06-08 10:20:00,2026-06-08 11:15:00,2026-06-08 11:25:00,SHORT,UNKNOWN,WIN,2.0,2
2026-06-08 16:30:00,2026-06-08 17:45:00,2026-06-08 17:50:00,SHORT,UNKNOWN,WIN,2.0,1
2026-06-08 16:30:00,2026-06-08 17:45:00,2026-06-08 17:50:00,SHORT,UNKNOWN,WIN,2.0,1
2026-06-11 19:10:00,2026-06-11 20:20:00,2026-06-11 20:25:00,SHORT,UNKNOWN,LOSS,-1.0,1
2026-07-06 17:40:00,2026-07-06 19:00:00,2026-07-06 19:30:00,LONG,UNKNOWN,WIN,2.0,6
2026-07-07 01:00:00,2026-07-07 01:35:00,2026-07-07 01:50:00,LONG,UNKNOWN,LOSS,-1.0,3
2026-07-13 21:45:00,2026-07-13 22:40:00,2026-07-13 22:50:00,SHORT,UNKNOWN,LOSS,-1.0,2
2026-07-14 12:10:00,2026-07-14 12:35:00,2026-07-14 12:45:00,SHORT,UNKNOWN,LOSS,-1.0,2
2026-07-24 16:05:00,2026-07-24 17:15:00,2026-07-24 17:20:00,LONG,UNKNOWN,WIN,2.0,1
2026-07-27 08:45:00,2026-07-27 09:30:00,2026-07-27 09:35:00,LONG,UNKNOWN,WIN,2.0,1
2026-07-30 18:10:00,2026-07-30 20:25:00,2026-07-30 20:30:00,LONG,UNKNOWN,WIN,2.0,1
2026-08-07 07:40:00,2026-08-07 08:20:00,2026-08-07 08:25:00,LONG,UNKNOWN,LOSS,-1.0,1
2026-08-07 07:40:00,2026-08-07 08:40:00,2026-08-07 08:45:00,LONG,UNKNOWN,WIN,2.0,1
2026-08-11 04:00:00,2026-08-11 04:35:00,2026-08-11 04:45:00,LONG,UNKNOWN,WIN,2.0,2
2026-08-11 04:00:00,2026-08-11 05:05:00,2026-08-11 05:10:00,LONG,UNKNOWN,WIN,2.0,1
2026-08-12 15:00:00,2026-08-12 15:35:00,2026-08-13 01:00:00,LONG,UNKNOWN,LOSS,-1.0,89
2026-08-17 01:00:00,2026-08-17 02:15:00,2026-08-17 02:20:00,LONG,UNKNOWN,LOSS,-1.0,1
2026-08-17 12:45:00,2026-08-17 13:30:00,2026-08-17 14:05:00,LONG,UNKNOWN,WIN,2.0,7
2026-08-20 06:10:00,2026-08-20 07:00:00,2026-08-20 07:20:00,LONG,UNKNOWN,LOSS,-1.0,4
2026-08-24 08:30:00,2026-08-24 09:25:00,2026-08-24 09:30:00,LONG,UNKNOWN,WIN,2.0,1
2026-08-24 13:45:00,2026-08-24 15:30:00,2026-08-24 15:35:00,LONG,UNKNOWN,WIN,2.0,1
2026-08-24 15:30:00,2026-08-24 16:35:00,2026-08-24 16:40:00,LONG,UNKNOWN,LOSS,-1.0,1
2026-08-25 20:05:00,2026-08-25 21:00:00,2026-08-25 21:10:00,LONG,UNKNOWN,WIN,2.0,2
2026-08-26 01:00:00,2026-08-26 02:20:00,2026-08-26 02:40:00,LONG,UNKNOWN,LOSS,-1.0,4
2026-09-01 14:45:00,2026-09-01 15:25:00,2026-09-01 15:30:00,SHORT,UNKNOWN,WIN,2.0,1
2026-09-04 03:45:00,2026-09-04 04:35:00,2026-09-04 04:40:00,SHORT,UNKNOWN,WIN,2.0,1
2026-09-15 16:50:00,2026-09-15 18:55:00,2026-09-15 19:00:00,SHORT,UNKNOWN,WIN,2.0,1
2026-09-17 07:45:00,2026-09-17 08:30:00,2026-09-17 08:45:00,SHORT,UNKNOWN,LOSS,-1.0,3
