setup_time,entry_time,exit_time,direction,session,status,r,bars_held,volume_node,node_volume
2025-06-03 08:25:00,2025-06-03 09:05:00,2025-06-03 09:40:00,LONG,UNKNOWN,LOSS,-1.0,7,UNMATCHED,
2025-06-03 22:00:00,2025-06-03 23:00:00,2025-06-04 01:00:00,SHORT,UNKNOWN,LOSS,-1.0,12,HVN,1819.0335858585859
2025-06-04 22:40:00,2025-06-04 23:45:00,2025-06-05 01:25:00,LONG,UNKNOWN,WIN,2.0,8,HVN,2566.7610389610395
2025-06-05 03:40:00,2025-06-05 04:10:00,2025-06-05 04:35:00,LONG,UNKNOWN,LOSS,-1.0,5,MID,1269.842676767677
2025-06-05 04:00:00,2025-06-05 04:35:00,2025-06-05 04:40:00,SHORT,UNKNOWN,WIN,2.0,1,HVN,3294.9880230880235
2025-06-05 04:00:00,2025-06-05 05:05:00,2025-06-05 05:10:00,SHORT,UNKNOWN,WIN,2.0,1,HVN,3595.295165945167
2025-06-06 10:45:00,2025-06-06 12:05:00,2025-06-06 12:20:00,LONG,UNKNOWN,LOSS,-1.0,3,HVN,8207.54246031746
2025-06-09 02:55:00,2025-06-09 03:55:00,2025-06-09 04:00:00,SHORT,UNKNOWN,WIN,2.0,1,LVN,295.4047619047619
2025-06-09 16:20:00,2025-06-09 17:20:00,2025-06-09 17:35:00,LONG,UNKNOWN,LOSS,-1.0,3,MID,4718.839285714286
2025-06-09 16:20:00,2025-06-09 17:20:00,2025-06-09 17:35:00,LONG,UNKNOWN,LOSS,-1.0,3,MID,4718.839285714286
2025-06-11 02:20:00,2025-06-11 03:00:00,2025-06-11 03:05:00,LONG,UNKNOWN,WIN,2.0,1,HVN,10078.439285714285
2025-06-11 08:00:00,2025-06-11 08:55:00,2025-06-11 09:00:00,SHORT,UNKNOWN,WIN,2.0,1,MID,5001.256493506495
2025-06-11 13:15:00,2025-06-11 13:45:00,2025-06-11 13:55:00,SHORT,UNKNOWN,WIN,2.0,2,MID,7060.216666666666
2025-06-12 01:55:00,2025-06-12 02:55:00,2025-06-12 03:00:00,SHORT,UNKNOWN,LOSS,-1.0,1,MID,8966.417532467534
2025-06-13 09:35:00,2025-06-13 11:10:00,2025-06-13 13:15:00,SHORT,UNKNOWN,WIN,2.0,25,MID,1875.5
2025-06-16 12:10:00,2025-06-16 13:30:00,2025-06-16 13:40:00,SHORT,UNKNOWN,LOSS,-1.0,2,MID,7201.51904761905
2025-06-16 13:15:00,2025-06-16 14:00:00,2025-06-16 14:05:00,LONG,UNKNOWN,WIN,2.0,1,MID,5904.114285714285
2025-06-16 16:05:00,2025-06-16 16:40:00,2025-06-16 16:45:00,SHORT,UNKNOWN,WIN,2.0,1,LVN,1249.1880952380952
2025-06-17 06:10:00,2025-06-17 07:00:00,2025-06-17 07:05:00,LONG,UNKNOWN,WIN,2.0,1,MID,8359.307142857144
2025-06-18 04:30:00,2025-06-18 04:50:00,2025-06-18 04:55:00,SHORT,UNKNOWN,WIN,2.0,1,MID,8964.566666666668
2025-06-19 16:25:00,2025-06-19 17:10:00,2025-06-19 17:15:00,LONG,UNKNOWN,WIN,2.0,1,MID,7073.446428571428
2025-06-19 21:10:00,2025-06-20 02:15:00,2025-06-20 02:30:00,SHORT,UNKNOWN,WIN,2.0,3,HVN,9873.647619047617
2025-06-20 23:10:00,2025-06-23 01:05:00,2025-06-23 01:10:00,LONG,UNKNOWN,LOSS,-1.0,1,HVN,11152.965476190475
2025-06-25 07:30:00,2025-06-25 08:20:00,2025-06-25 08:25:00,LONG,UNKNOWN,WIN,2.0,1,MID,5537.216666666667
2025-06-25 10:00:00,2025-06-25 10:20:00,2025-06-25 10:25:00,SHORT,UNKNOWN,LOSS,-1.0,1,MID,5703.583333333333
2025-06-25 10:05:00,2025-06-25 10:30:00,2025-06-25 11:15:00,LONG,UNKNOWN,LOSS,-1.0,9,MID,4487.250000000001
2025-06-26 15:25:00,2025-06-26 15:50:00,2025-06-26 15:55:00,SHORT,UNKNOWN,WIN,2.0,1,HVN,8302.323809523812
2025-06-27 08:10:00,2025-06-27 08:30:00,2025-06-27 08:35:00,LONG,UNKNOWN,WIN,2.0,1,LVN,568.0428571428571
2025-06-30 19:50:00,2025-06-30 20:55:00,2025-06-30 21:00:00,SHORT,UNKNOWN,WIN,2.0,1,MID,6438.3
2025-06-30 22:55:00,2025-07-01 01:25:00,2025-07-01 01:30:00,SHORT,UNKNOWN,WIN,2.0,1,MID,3761.750000000001
2025-07-02 02:50:00,2025-07-02 03:25:00,2025-07-02 04:00:00,LONG,UNKNOWN,WIN,2.0,7,HVN,13334.336111111112
2025-07-09 08:05:00,2025-07-09 09:00:00,2025-07-09 09:05:00,SHORT,UNKNOWN,WIN,2.0,1,MID,5173.997619047619
2025-07-09 20:10:00,2025-07-09 21:05:00,2025-07-09 21:10:00,SHORT,UNKNOWN,WIN,2.0,1,HVN,12222.957142857142
2025-07-10 11:50:00,2025-07-10 13:50:00,2025-07-10 13:55:00,SHORT,UNKNOWN,WIN,2.0,1,HVN,9309.90349206349
2025-07-11 01:00:00,2025-07-11 01:55:00,2025-07-11 02:00:00,SHORT,UNKNOWN,WIN,2.0,1,MID,8201.840043290043
2025-07-15 21:20:00,2025-07-15 21:55:00,2025-07-15 22:55:00,LONG,UNKNOWN,WIN,2.0,12,HVN,8530.419841269842
2025-07-16 04:15:00,2025-07-16 06:20:00,2025-07-16 06:25:00,SHORT,UNKNOWN,LOSS,-1.0,1,HVN,8444.866666666665
2025-07-16 15:05:00,2025-07-16 15:50:00,2025-07-16 16:15:00,SHORT,UNKNOWN,LOSS,-1.0,5,HVN,12851.775000000001
2025-07-17 12:20:00,2025-07-17 13:00:00,2025-07-17 13:05:00,SHORT,UNKNOWN,WIN,2.0,1,HVN,10469.936507936509
2025-07-18 04:35:00,2025-07-18 05:45:00,2025-07-18 05:50:00,LONG,UNKNOWN,WIN,2.0,1,HVN,15857.610164835169
2025-07-18 12:35:00,2025-07-18 13:10:00,2025-07-18 14:35:00,SHORT,UNKNOWN,LOSS,-1.0,17,MID,8842.192768342766
2025-07-23 01:30:00,2025-07-23 02:15:00,2025-07-23 02:25:00,LONG,UNKNOWN,WIN,2.0,2,MID,5493.600000000001
2025-09-01 01:05:00,2025-09-01 02:35:00,2025-09-01 02:50:00,LONG,UNKNOWN,WIN,2.0,3,MID,4843.183333333334
2025-09-02 14:25:00,2025-09-02 15:15:00,2025-09-02 15:35:00,LONG,UNKNOWN,LOSS,-1.0,4,MID,5245.230952380953
2025-09-04 03:05:00,2025-09-04 04:00:00,2025-09-04 04:15:00,LONG,UNKNOWN,LOSS,-1.0,3,MID,6097.4
2025-09-04 12:55:00,2025-09-04 13:20:00,2025-09-04 14:05:00,LONG,UNKNOWN,LOSS,-1.0,9,MID,9577.916666666666
2025-09-04 14:05:00,2025-09-04 14:50:00,2025-09-04 14:55:00,LONG,UNKNOWN,LOSS,-1.0,1,MID,7498.833333333333
2025-09-04 16:05:00,2025-09-04 16:35:00,2025-09-04 16:40:00,LONG,UNKNOWN,LOSS,-1.0,1,MID,6190.566666666667
2025-09-04 16:25:00,2025-09-04 17:10:00,2025-09-04 17:15:00,SHORT,UNKNOWN,WIN,2.0,1,MID,10549.083333333334
2025-09-05 01:45:00,2025-09-05 02:20:00,2025-09-05 02:25:00,LONG,UNKNOWN,WIN,2.0,1,HVN,14132.583333333334
2025-09-05 14:50:00,2025-09-05 15:00:00,2025-09-05 15:05:00,LONG,UNKNOWN,WIN,2.0,1,HVN,19205.000000000004
2025-09-05 22:45:00,2025-09-05 23:10:00,2025-09-05 23:50:00,SHORT,UNKNOWN,WIN,4.912790697674114,8,MID,2719.7000000000003
2025-09-09 01:30:00,2025-09-09 02:10:00,2025-09-09 02:15:00,LONG,UNKNOWN,LOSS,-1.0,1,MID,3043.2833333333333
2025-09-09 14:55:00,2025-09-09 15:15:00,2025-09-09 15:35:00,LONG,UNKNOWN,LOSS,-1.0,4,MID,9294.833333333334
2025-09-10 08:25:00,2025-09-10 08:40:00,2025-09-10 08:45:00,SHORT,UNKNOWN,WIN,2.0,1,HVN,12493.307142857142
2025-09-10 08:35:00,2025-09-10 09:30:00,2025-09-10 09:40:00,LONG,UNKNOWN,LOSS,-1.0,2,HVN,13747.807142857142
2025-09-10 13:35:00,2025-09-10 14:05:00,2025-09-10 14:30:00,SHORT,UNKNOWN,WIN,2.0,5,MID,8919.665151515152
2025-09-10 15:30:00,2025-09-10 16:00:00,2025-09-10 16:05:00,SHORT,UNKNOWN,WIN,2.0,1,HVN,19174.779437229445
2025-09-11 15:30:00,2025-09-11 16:20:00,2025-09-11 16:25:00,SHORT,UNKNOWN,WIN,2.0,1,MID,9645.192857142856
2025-09-11 21:05:00,2025-09-11 22:05:00,2025-09-11 22:10:00,SHORT,UNKNOWN,WIN,2.0,1,HVN,24766.230952380945
2025-09-11 22:35:00,2025-09-12 01:00:00,2025-09-12 01:05:00,SHORT,UNKNOWN,LOSS,-1.0,1,HVN,25271.950595238097
2025-09-11 23:25:00,2025-09-12 01:15:00,2025-09-12 01:20:00,LONG,UNKNOWN,WIN,2.0,1,HVN,20033.3568627451
2025-09-16 14:00:00,2025-09-16 15:15:00,2025-09-16 15:20:00,LONG,UNKNOWN,WIN,2.0,1,MID,5017.133333333333
2025-09-16 14:45:00,2025-09-16 15:40:00,2025-09-16 16:00:00,SHORT,UNKNOWN,WIN,2.0,4,MID,1761.6214285714289
2025-09-16 17:15:00,2025-09-16 18:20:00,2025-09-16 18:25:00,SHORT,UNKNOWN,WIN,2.0,1,MID,4394.571428571428
2025-09-16 18:30:00,2025-09-16 19:40:00,2025-09-16 19:45:00,LONG,UNKNOWN,WIN,2.0,1,MID,4473.571428571429
2025-09-17 05:35:00,2025-09-17 06:00:00,2025-09-17 08:00:00,LONG,UNKNOWN,WIN,2.0,24,HVN,11770.789285714285
2025-09-17 08:00:00,2025-09-17 08:25:00,2025-09-17 08:35:00,SHORT,UNKNOWN,WIN,2.0,2,HVN,13510.689285714283
2025-09-17 13:00:00,2025-09-17 14:10:00,2025-09-17 14:15:00,SHORT,UNKNOWN,WIN,2.0,1,MID,2265.161111111111
2025-09-22 05:45:00,2025-09-22 07:20:00,2025-09-22 07:45:00,LONG,UNKNOWN,WIN,2.0,5,MID,8262.714637555428
2025-09-23 04:40:00,2025-09-23 05:10:00,2025-09-23 05:15:00,SHORT,UNKNOWN,WIN,2.0,1,MID,1267.6666666666665
2025-09-23 16:40:00,2025-09-23 17:15:00,2025-09-23 17:20:00,SHORT,UNKNOWN,WIN,4.306722689075433,1,LVN,181.3
2025-09-25 12:25:00,2025-09-25 12:55:00,2025-09-25 13:50:00,LONG,UNKNOWN,WIN,2.0,11,MID,6563.127777777778
2025-09-26 02:10:00,2025-09-26 03:05:00,2025-09-26 03:10:00,LONG,UNKNOWN,WIN,2.0,1,HVN,16059.527380952379
2025-09-26 04:05:00,2025-09-26 05:00:00,2025-09-26 05:10:00,SHORT,UNKNOWN,WIN,2.0,2,HVN,14626.074999999999
2025-09-26 08:15:00,2025-09-26 08:40:00,2025-09-26 08:45:00,LONG,UNKNOWN,WIN,2.0,1,HVN,15607.957142857145
2025-09-26 08:35:00,2025-09-26 09:05:00,2025-09-26 09:10:00,SHORT,UNKNOWN,LOSS,-1.0,1,HVN,16012.957142857145
2025-09-26 08:50:00,2025-09-26 09:35:00,2025-09-26 10:00:00,LONG,UNKNOWN,LOSS,-1.0,5,HVN,10875.62380952381
2025-09-26 09:10:00,2025-09-26 10:15:00,2025-09-26 10:20:00,SHORT,UNKNOWN,WIN,2.0,1,HVN,17658.410714285717
2025-09-26 18:30:00,2025-09-26 19:30:00,2025-09-26 20:35:00,SHORT,UNKNOWN,LOSS,-1.0,13,MID,8658.366666666667
2025-09-29 09:40:00,2025-09-29 11:10:00,2025-09-29 11:20:00,SHORT,UNKNOWN,WIN,2.0,2,MID,2987.0
2025-09-29 22:05:00,2025-09-29 22:50:00,2025-09-29 23:10:00,LONG,UNKNOWN,WIN,2.0,4,MID,8108.133333333333
2025-09-30 05:00:00,2025-09-30 05:25:00,2025-09-30 05:45:00,SHORT,UNKNOWN,LOSS,-1.0,4,LVN,1718.3333333333333
2025-09-30 15:45:00,2025-09-30 16:25:00,2025-09-30 16:30:00,SHORT,UNKNOWN,LOSS,-1.0,1,HVN,12466.583333333332
2025-09-30 20:15:00,2025-09-30 21:20:00,2025-09-30 21:25:00,SHORT,UNKNOWN,WIN,2.0,1,MID,4928.371428571429
2025-10-01 23:55:00,2025-10-02 01:10:00,2025-10-02 01:15:00,SHORT,UNKNOWN,WIN,2.0,1,HVN,12347.457142857145
2025-10-02 09:10:00,2025-10-02 10:05:00,2025-10-02 10:15:00,SHORT,UNKNOWN,LOSS,-1.0,2,MID,8042.442857142858
2025-10-07 20:35:00,2025-10-07 21:10:00,2025-10-07 21:30:00,SHORT,UNKNOWN,WIN,2.0,4,MID,3928.9833333333336
2025-10-08 16:10:00,2025-10-08 16:45:00,2025-10-08 16:50:00,SHORT,UNKNOWN,LOSS,-1.0,1,MID,6544.9333333333325
2025-10-10 01:00:00,2025-10-10 01:20:00,2025-10-10 01:25:00,SHORT,UNKNOWN,WIN,2.0,1,HVN,10461.547619047622
2025-10-13 11:35:00,2025-10-13 12:10:00,2025-10-13 12:55:00,LONG,UNKNOWN,WIN,2.0,9,LVN,3152.5666666666666
2025-10-13 22:00:00,2025-10-13 23:00:00,2025-10-13 23:05:00,LONG,UNKNOWN,WIN,2.0,1,MID,5021.166666666667
2025-10-13 23:45:00,2025-10-14 01:45:00,2025-10-14 01:50:00,SHORT,UNKNOWN,LOSS,-1.0,1,MID,4016.666666666667
2025-10-14 01:30:00,2025-10-14 02:20:00,2025-10-14 02:25:00,LONG,UNKNOWN,WIN,2.0,1,MID,4471.416666666666
2025-10-15 02:50:00,2025-10-15 03:40:00,2025-10-15 03:45:00,SHORT,UNKNOWN,WIN,2.0,1,MID,4171.365384615385
2025-10-15 03:25:00,2025-10-15 05:30:00,2025-10-15 05:35:00,LONG,UNKNOWN,WIN,2.0,1,MID,3857.6833333333334
2025-10-15 15:15:00,2025-10-15 16:00:00,2025-10-15 16:10:00,LONG,UNKNOWN,WIN,2.0,2,MID,5407.7863636363645
2025-10-16 01:00:00,2025-10-16 01:15:00,2025-10-16 01:20:00,SHORT,UNKNOWN,LOSS,-1.0,1,MID,5884.166666666667
2025-10-16 01:10:00,2025-10-16 01:30:00,2025-10-16 03:15:00,LONG,UNKNOWN,WIN,2.0,21,MID,4951.166666666667
2025-10-20 11:30:00,2025-10-20 11:55:00,2025-10-20 12:05:00,SHORT,UNKNOWN,WIN,2.0,2,HVN,14274.677777777777
2025-10-22 03:10:00,2025-10-22 04:40:00,2025-10-22 04:45:00,LONG,UNKNOWN,WIN,2.0,1,MID,9490.56385281385
2025-10-22 08:15:00,2025-10-22 09:05:00,2025-10-22 09:30:00,SHORT,UNKNOWN,LOSS,-1.0,5,MID,13313.114285714286
2025-10-27 05:35:00,2025-10-27 07:20:00,2025-10-27 07:25:00,SHORT,UNKNOWN,LOSS,-1.0,1,HVN,15979.488600288601
2025-10-28 02:20:00,2025-10-28 04:20:00,2025-10-28 04:30:00,LONG,UNKNOWN,WIN,2.0,2,MID,6525.833333333333
2025-10-28 14:45:00,2025-10-28 15:20:00,2025-10-28 15:25:00,LONG,UNKNOWN,WIN,2.0,1,MID,5340.583333333334
2025-10-31 06:05:00,2025-10-31 07:00:00,2025-10-31 07:05:00,LONG,UNKNOWN,LOSS,-1.0,1,HVN,14554.154112554115
2025-10-31 11:15:00,2025-10-31 12:45:00,2025-10-31 13:00:00,LONG,UNKNOWN,WIN,2.0,3,HVN,15378.577922077915
2025-10-31 13:05:00,2025-10-31 14:00:00,2025-10-31 14:10:00,LONG,UNKNOWN,WIN,2.0,2,HVN,13092.114285714286
2025-11-04 13:50:00,2025-11-04 15:10:00,2025-11-04 15:15:00,SHORT,UNKNOWN,WIN,2.0,1,HVN,28585.708730158738
2025-11-04 14:30:00,2025-11-04 15:15:00,2025-11-04 15:25:00,LONG,UNKNOWN,LOSS,-1.0,2,HVN,28731.708730158738
2025-11-04 18:15:00,2025-11-04 19:10:00,2025-11-04 19:20:00,SHORT,UNKNOWN,WIN,2.0,2,HVN,14019.500432900435
2025-11-05 02:40:00,2025-11-05 03:50:00,2025-11-05 03:55:00,LONG,UNKNOWN,WIN,2.0,1,MID,11551.288645857068
2025-11-05 18:10:00,2025-11-05 19:05:00,2025-11-05 19:10:00,LONG,UNKNOWN,WIN,2.0,1,MID,11481.698753179193
2025-11-07 06:50:00,2025-11-07 07:30:00,2025-11-07 07:35:00,SHORT,UNKNOWN,WIN,2.0,1,HVN,17898.070129870128
2025-11-07 13:00:00,2025-11-07 13:25:00,2025-11-07 13:30:00,SHORT,UNKNOWN,WIN,2.0,1,HVN,14522.573090798089
2025-11-07 13:00:00,2025-11-07 14:05:00,2025-11-07 14:10:00,SHORT,UNKNOWN,WIN,2.0,1,HVN,21235.8509046509
2025-11-07 16:10:00,2025-11-07 17:00:00,2025-11-07 17:15:00,SHORT,UNKNOWN,WIN,2.0,3,HVN,20860.337773337782
2025-11-07 17:40:00,2025-11-07 19:15:00,2025-11-07 19:20:00,LONG,UNKNOWN,WIN,2.0,1,HVN,18618.81147186149
2025-11-10 12:35:00,2025-11-10 12:50:00,2025-11-10 13:35:00,SHORT,UNKNOWN,LOSS,-1.0,9,MID,4013.083333333333
2025-11-11 04:30:00,2025-11-11 04:45:00,2025-11-11 05:05:00,LONG,UNKNOWN,WIN,2.0,4,LVN,1812.5833333333333
2025-11-11 09:50:00,2025-11-11 10:20:00,2025-11-11 10:25:00,LONG,UNKNOWN,WIN,2.0,1,MID,4202.0
2025-11-11 11:25:00,2025-11-11 12:15:00,2025-11-11 12:30:00,SHORT,UNKNOWN,WIN,2.0,3,MID,4965.083333333333
2025-11-14 05:20:00,2025-11-14 05:55:00,2025-11-14 06:10:00,SHORT,UNKNOWN,WIN,2.0,3,HVN,13309.099999999999
2025-11-14 20:00:00,2025-11-14 20:40:00,2025-11-14 20:50:00,LONG,UNKNOWN,WIN,2.0,2,MID,6854.733333333334
2025-11-17 01:00:00,2025-11-17 02:00:00,2025-11-17 05:00:00,LONG,UNKNOWN,LOSS,-1.0,36,MID,8066.032359307362
2025-11-17 12:00:00,2025-11-17 13:40:00,2025-11-17 13:45:00,SHORT,UNKNOWN,WIN,2.0,1,HVN,18092.99981962482
2025-11-18 02:55:00,2025-11-18 04:15:00,2025-11-18 04:20:00,SHORT,UNKNOWN,WIN,2.0,1,LVN,3480.2357142857145
2025-11-19 09:40:00,2025-11-19 10:25:00,2025-11-19 10:30:00,SHORT,UNKNOWN,WIN,2.0,1,HVN,15172.626900876901
2025-11-19 20:50:00,2025-11-19 22:15:00,2025-11-19 22:25:00,SHORT,UNKNOWN,WIN,2.0,2,HVN,18420.507203907204
2025-11-20 09:05:00,2025-11-20 09:25:00,2025-11-20 09:40:00,SHORT,UNKNOWN,WIN,2.0,3,HVN,13639.891991341992
2025-11-20 09:05:00,2025-11-20 09:45:00,2025-11-20 10:00:00,SHORT,UNKNOWN,WIN,2.0,3,MID,8026.51103896104
2025-11-20 10:20:00,2025-11-20 11:30:00,2025-11-20 11:35:00,LONG,UNKNOWN,WIN,2.0,1,HVN,12396.14675324675
2025-11-21 01:40:00,2025-11-21 02:35:00,2025-11-21 02:40:00,SHORT,UNKNOWN,LOSS,-1.0,1,HVN,31897.495299145296
2025-11-21 07:45:00,2025-11-21 08:10:00,2025-11-21 08:25:00,LONG,UNKNOWN,LOSS,-1.0,3,MID,8954.677886002886
2025-11-24 04:50:00,2025-11-24 05:45:00,2025-11-24 06:05:00,LONG,UNKNOWN,WIN,2.0,4,HVN,11704.316774891775
2025-11-24 06:10:00,2025-11-24 08:00:00,2025-11-24 08:05:00,SHORT,UNKNOWN,LOSS,-1.0,1,HVN,12709.816774891777
2025-11-24 12:00:00,2025-11-24 12:55:00,2025-11-24 13:00:00,SHORT,UNKNOWN,WIN,2.0,1,HVN,30859.354689754695
2025-11-25 14:40:00,2025-11-25 15:25:00,2025-11-25 15:30:00,LONG,UNKNOWN,WIN,2.0,1,MID,5200.661904761904
2025-11-26 12:00:00,2025-11-26 12:50:00,2025-11-26 13:15:00,SHORT,UNKNOWN,LOSS,-1.0,5,MID,5414.030952380953
2025-11-27 07:40:00,2025-11-27 08:25:00,2025-11-27 08:30:00,LONG,UNKNOWN,WIN,2.0,1,MID,5355.993073593074
2025-11-28 03:40:00,2025-11-28 04:35:00,2025-11-28 05:00:00,SHORT,UNKNOWN,LOSS,-1.0,5,LVN,1717.702380952381
2025-12-01 01:00:00,2025-12-01 01:20:00,2025-12-01 02:25:00,SHORT,UNKNOWN,LOSS,-1.0,13,LVN,1841.5833333333335
2025-12-01 06:45:00,2025-12-01 08:45:00,2025-12-01 08:50:00,SHORT,UNKNOWN,WIN,2.0,1,MID,4693.433333333333
2025-12-01 14:50:00,2025-12-01 15:50:00,2025-12-01 15:55:00,LONG,UNKNOWN,LOSS,-1.0,1,MID,7566.950000000002
2025-12-01 14:50:00,2025-12-01 15:50:00,2025-12-01 15:55:00,LONG,UNKNOWN,LOSS,-1.0,1,MID,7566.950000000002
2025-12-02 03:05:00,2025-12-02 04:00:00,2025-12-02 04:15:00,LONG,UNKNOWN,WIN,2.0,3,MID,3608.6833333333334
2025-12-02 23:50:00,2025-12-03 01:10:00,2025-12-03 01:50:00,LONG,UNKNOWN,WIN,2.0,8,MID,8208.853746253746
2025-12-05 02:15:00,2025-12-05 03:20:00,2025-12-05 03:30:00,SHORT,UNKNOWN,WIN,2.0,2,MID,10468.26818181818
2025-12-09 02:55:00,2025-12-09 03:05:00,2025-12-09 03:10:00,LONG,UNKNOWN,WIN,2.0,1,MID,9534.853809523805
2025-12-09 05:20:00,2025-12-09 06:10:00,2025-12-09 06:35:00,SHORT,UNKNOWN,WIN,2.0,5,HVN,13034.83975191475
2025-12-09 14:10:00,2025-12-09 15:00:00,2025-12-09 15:05:00,LONG,UNKNOWN,WIN,2.0,1,HVN,30949.106981906978
2025-12-09 16:05:00,2025-12-09 16:55:00,2025-12-09 17:05:00,LONG,UNKNOWN,LOSS,-1.0,2,HVN,24451.71015928516
2025-12-10 07:10:00,2025-12-10 08:15:00,2025-12-10 10:10:00,LONG,UNKNOWN,LOSS,-1.0,23,HVN,24817.658667721156
2025-12-10 21:00:00,2025-12-10 21:45:00,2025-12-10 21:55:00,SHORT,UNKNOWN,LOSS,-1.0,2,HVN,20463.621992729484
2025-12-11 10:40:00,2025-12-11 11:25:00,2025-12-11 11:30:00,SHORT,UNKNOWN,WIN,2.0,1,HVN,37012.72058423603
2025-12-11 11:00:00,2025-12-11 12:25:00,2025-12-11 12:30:00,LONG,UNKNOWN,LOSS,-1.0,1,MID,22964.59533171077
2025-12-12 16:35:00,2025-12-12 17:00:00,2025-12-12 17:10:00,LONG,UNKNOWN,WIN,2.0,2,MID,10073.825
2025-12-12 22:30:00,2025-12-12 23:50:00,2025-12-15 01:15:00,LONG,UNKNOWN,WIN,2.0,3,MID,14845.174242424244
2025-12-15 05:00:00,2025-12-15 05:30:00,2025-12-15 06:10:00,SHORT,UNKNOWN,LOSS,-1.0,8,MID,12734.061355311356
2025-12-16 02:10:00,2025-12-16 03:10:00,2025-12-16 03:30:00,SHORT,UNKNOWN,LOSS,-1.0,4,MID,29426.100432900435
2025-12-16 03:00:00,2025-12-16 03:55:00,2025-12-16 04:00:00,LONG,UNKNOWN,WIN,2.0,1,MID,22379.06297868798
2025-12-17 17:30:00,2025-12-17 17:45:00,2025-12-17 17:50:00,SHORT,UNKNOWN,WIN,2.0,1,MID,40288.59999999999
2025-12-17 19:55:00,2025-12-17 21:15:00,2025-12-17 21:20:00,SHORT,UNKNOWN,WIN,2.0,1,HVN,56725.799999999996
2025-12-18 08:30:00,2025-12-18 09:10:00,2025-12-18 09:25:00,SHORT,UNKNOWN,LOSS,-1.0,3,HVN,65878.2714285714
2025-12-18 15:50:00,2025-12-18 17:00:00,2025-12-18 17:20:00,SHORT,UNKNOWN,WIN,2.0,4,HVN,89344.0523809524
2025-12-18 21:50:00,2025-12-18 22:50:00,2025-12-18 22:55:00,LONG,UNKNOWN,WIN,2.0,1,HVN,121618.97898310842
2025-12-22 19:10:00,2025-12-22 19:35:00,2025-12-22 20:45:00,SHORT,UNKNOWN,WIN,2.0,14,MID,11014.300000000001
2025-12-22 21:15:00,2025-12-22 22:20:00,2025-12-22 22:30:00,LONG,UNKNOWN,LOSS,-1.0,2,MID,14073.966666666667
2025-12-23 22:55:00,2025-12-23 23:45:00,2025-12-23 23:50:00,SHORT,UNKNOWN,WIN,2.0,1,MID,39508.676190476195
2025-12-24 06:15:00,2025-12-24 07:00:00,2025-12-24 07:05:00,LONG,UNKNOWN,LOSS,-1.0,1,MID,31353.95
2025-12-24 06:35:00,2025-12-24 08:35:00,2025-12-24 08:40:00,SHORT,UNKNOWN,WIN,2.0,1,MID,15466.8
2025-12-24 11:45:00,2025-12-24 12:55:00,2025-12-24 13:05:00,SHORT,UNKNOWN,WIN,2.0,2,HVN,66388.9261904762
2025-12-26 21:10:00,2025-12-26 21:40:00,2025-12-26 21:45:00,SHORT,UNKNOWN,WIN,2.0,1,MID,27614.000000000004
2025-12-30 09:45:00,2025-12-30 10:55:00,2025-12-30 11:10:00,SHORT,UNKNOWN,LOSS,-1.0,3,MID,39447.55404040404
2025-12-30 18:05:00,2025-12-30 19:20:00,2025-12-30 19:25:00,LONG,UNKNOWN,WIN,2.0,1,MID,37233.39927849927
2025-12-31 20:15:00,2025-12-31 20:35:00,2025-12-31 20:40:00,SHORT,UNKNOWN,WIN,2.0,1,MID,57268.63452380952
2026-01-02 12:50:00,2026-01-02 13:40:00,2026-01-02 13:45:00,SHORT,UNKNOWN,WIN,2.0,1,MID,23617.47857142857
2026-01-05 07:10:00,2026-01-05 07:45:00,2026-01-05 08:00:00,SHORT,UNKNOWN,LOSS,-1.0,3,MID,27853.253571428573
2026-01-05 07:40:00,2026-01-05 08:10:00,2026-01-05 08:25:00,LONG,UNKNOWN,WIN,2.0,3,LVN,3329.073015873016
2026-01-05 12:35:00,2026-01-05 13:20:00,2026-01-05 13:25:00,SHORT,UNKNOWN,WIN,2.0,1,LVN,10080.366666666667
2026-01-05 20:55:00,2026-01-05 21:25:00,2026-01-05 21:55:00,SHORT,UNKNOWN,WIN,2.0,6,MID,27995.165476190476
2026-01-06 07:00:00,2026-01-06 09:00:00,2026-01-06 09:05:00,SHORT,UNKNOWN,WIN,2.0,1,HVN,53150.760606060605
2026-01-06 15:25:00,2026-01-06 16:10:00,2026-01-06 16:15:00,LONG,UNKNOWN,LOSS,-1.0,1,MID,38574.12965367965
2026-01-06 15:50:00,2026-01-06 17:30:00,2026-01-06 17:35:00,LONG,UNKNOWN,LOSS,-1.0,1,HVN,58162.54393939394
2026-01-07 03:55:00,2026-01-07 04:45:00,2026-01-07 04:50:00,LONG,UNKNOWN,WIN,2.0,1,MID,53064.63571428571
2026-01-07 21:05:00,2026-01-07 21:55:00,2026-01-07 22:15:00,LONG,UNKNOWN,WIN,2.0,4,HVN,66033.13917748917
2026-01-09 10:05:00,2026-01-09 11:10:00,2026-01-09 11:15:00,SHORT,UNKNOWN,LOSS,-1.0,1,HVN,55131.64523809523
2026-01-09 14:00:00,2026-01-09 15:00:00,2026-01-09 15:20:00,SHORT,UNKNOWN,WIN,2.0,4,HVN,61653.78690476189
2026-01-12 06:30:00,2026-01-12 07:20:00,2026-01-12 07:30:00,LONG,UNKNOWN,WIN,2.0,2,MID,17835.266666666666
2026-01-12 14:15:00,2026-01-12 16:25:00,2026-01-12 16:30:00,LONG,UNKNOWN,WIN,2.0,1,MID,26779.51666666667
2026-01-13 03:00:00,2026-01-13 03:15:00,2026-01-13 03:25:00,LONG,UNKNOWN,LOSS,-1.0,2,HVN,43080.04999999999
2026-01-13 03:05:00,2026-01-13 03:40:00,2026-01-13 03:45:00,SHORT,UNKNOWN,WIN,2.0,1,HVN,47370.91666666665
2026-01-13 07:25:00,2026-01-13 07:40:00,2026-01-13 08:20:00,SHORT,UNKNOWN,WIN,2.0,8,HVN,64176.116666666676
2026-01-13 07:25:00,2026-01-13 07:40:00,2026-01-13 08:20:00,SHORT,UNKNOWN,WIN,2.0,8,HVN,64176.116666666676
2026-01-13 08:40:00,2026-01-13 09:35:00,2026-01-13 09:45:00,LONG,UNKNOWN,LOSS,-1.0,2,HVN,65770.78333333334
2026-01-13 09:30:00,2026-01-13 09:55:00,2026-01-13 10:05:00,SHORT,UNKNOWN,LOSS,-1.0,2,MID,56827.583333333336
2026-01-13 09:45:00,2026-01-13 10:15:00,2026-01-13 10:25:00,LONG,UNKNOWN,WIN,2.0,2,HVN,64036.63333333334
2026-01-13 16:40:00,2026-01-13 17:45:00,2026-01-13 17:50:00,SHORT,UNKNOWN,WIN,2.0,1,MID,45603.44047619047
2026-01-14 07:30:00,2026-01-14 08:10:00,2026-01-14 08:15:00,SHORT,UNKNOWN,WIN,2.0,1,LVN,7988.483333333334
2026-01-14 13:50:00,2026-01-14 14:25:00,2026-01-14 14:35:00,LONG,UNKNOWN,LOSS,-1.0,2,MID,32951.51666666666
2026-01-14 14:55:00,2026-01-14 15:20:00,2026-01-14 15:25:00,SHORT,UNKNOWN,WIN,2.0,1,MID,43370.33333333333
2026-01-15 13:30:00,2026-01-15 13:50:00,2026-01-15 14:10:00,SHORT,UNKNOWN,WIN,2.0,4,HVN,93508.50238095238
2026-01-16 02:20:00,2026-01-16 03:25:00,2026-01-16 03:30:00,SHORT,UNKNOWN,WIN,2.0,1,HVN,106940.34047619048
2026-01-16 06:55:00,2026-01-16 07:20:00,2026-01-16 07:30:00,SHORT,UNKNOWN,LOSS,-1.0,2,HVN,87764.21150793649
2026-01-16 07:10:00,2026-01-16 07:40:00,2026-01-16 07:45:00,LONG,UNKNOWN,WIN,2.0,1,HVN,111129.34047619048
2026-01-20 15:20:00,2026-01-20 17:25:00,2026-01-20 17:30:00,LONG,UNKNOWN,WIN,2.0,1,MID,20444.583333333336
2026-01-21 13:15:00,2026-01-21 13:50:00,2026-01-21 13:55:00,SHORT,UNKNOWN,LOSS,-1.0,1,MID,24595.749999999996
2026-01-21 15:10:00,2026-01-21 16:35:00,2026-01-21 16:40:00,SHORT,UNKNOWN,WIN,2.0,1,MID,26712.638888888887
2026-01-22 15:40:00,2026-01-22 17:00:00,2026-01-22 17:05:00,LONG,UNKNOWN,WIN,2.0,1,HVN,54732.63246753247
2026-01-23 02:55:00,2026-01-23 03:10:00,2026-01-23 05:15:00,SHORT,UNKNOWN,WIN,2.0,25,LVN,6736.366666666667
2026-01-23 11:25:00,2026-01-23 13:00:00,2026-01-23 13:05:00,LONG,UNKNOWN,LOSS,-1.0,1,MID,25662.499999999996
2026-01-26 07:10:00,2026-01-26 08:10:00,2026-01-26 08:25:00,LONG,UNKNOWN,WIN,2.0,3,MID,20691.25
2026-01-26 15:30:00,2026-01-26 16:25:00,2026-01-26 16:30:00,LONG,UNKNOWN,WIN,2.0,1,HVN,60111.433333333334
2026-01-26 18:00:00,2026-01-26 18:40:00,2026-01-26 19:45:00,SHORT,UNKNOWN,LOSS,-1.0,13,HVN,76407.76666666668
2026-01-26 21:20:00,2026-01-26 22:15:00,2026-01-26 22:30:00,LONG,UNKNOWN,WIN,2.0,3,MID,15920.599999999999
2026-01-27 04:00:00,2026-01-27 04:50:00,2026-01-27 05:15:00,LONG,UNKNOWN,LOSS,-1.0,5,HVN,69507.36666666664
2026-01-28 08:25:00,2026-01-28 08:55:00,2026-01-28 09:00:00,LONG,UNKNOWN,WIN,2.0,1,LVN,7359.166666666667
2026-01-28 11:40:00,2026-01-28 12:10:00,2026-01-28 12:30:00,LONG,UNKNOWN,LOSS,-1.0,4,MID,20222.0
2026-01-28 15:00:00,2026-01-28 16:35:00,2026-01-28 16:40:00,SHORT,UNKNOWN,LOSS,-1.0,1,MID,32367.166666666668
2026-01-28 16:55:00,2026-01-28 17:20:00,2026-01-28 18:55:00,SHORT,UNKNOWN,LOSS,-1.0,19,MID,42466.73333333333
2026-01-30 23:50:00,2026-02-02 01:05:00,2026-02-02 01:15:00,SHORT,UNKNOWN,WIN,2.0,2,MID,50473.38333333334
2026-02-03 10:40:00,2026-02-03 11:35:00,2026-02-03 11:45:00,SHORT,UNKNOWN,LOSS,-1.0,2,MID,60317.11666666667
2026-02-03 13:20:00,2026-02-03 14:15:00,2026-02-03 14:25:00,LONG,UNKNOWN,LOSS,-1.0,2,HVN,87289.61666666668
2026-02-04 01:00:00,2026-02-04 01:10:00,2026-02-04 02:10:00,SHORT,UNKNOWN,LOSS,-1.0,12,HVN,133506.61666666667
2026-02-04 07:40:00,2026-02-04 08:30:00,2026-02-04 08:40:00,SHORT,UNKNOWN,LOSS,-1.0,2,HVN,294922.36666666664
2026-02-04 07:40:00,2026-02-04 08:45:00,2026-02-04 09:00:00,SHORT,UNKNOWN,WIN,2.0,3,HVN,413739.9
2026-02-04 15:50:00,2026-02-04 16:30:00,2026-02-04 16:35:00,SHORT,UNKNOWN,WIN,2.0,1,MID,62588.48333333334
2026-02-05 13:20:00,2026-02-05 14:35:00,2026-02-05 14:40:00,SHORT,UNKNOWN,WIN,2.0,1,HVN,83796.4623015873
2026-02-06 05:40:00,2026-02-06 06:45:00,2026-02-06 07:15:00,LONG,UNKNOWN,WIN,2.0,6,HVN,174818.84563492067
2026-02-09 15:05:00,2026-02-09 15:30:00,2026-02-09 15:40:00,SHORT,UNKNOWN,WIN,2.0,2,HVN,118489.19047619047
2026-02-09 22:20:00,2026-02-10 01:00:00,2026-02-10 01:05:00,SHORT,UNKNOWN,WIN,2.0,1,HVN,146116.72142857144
2026-02-10 22:45:00,2026-02-10 23:25:00,2026-02-10 23:40:00,SHORT,UNKNOWN,WIN,2.0,3,HVN,201375.88888888885
2026-02-11 15:25:00,2026-02-11 15:55:00,2026-02-11 16:00:00,SHORT,UNKNOWN,WIN,2.0,1,HVN,83470.08333333336
2026-02-12 10:30:00,2026-02-12 12:10:00,2026-02-12 12:25:00,LONG,UNKNOWN,LOSS,-1.0,3,HVN,132134.17619047622
2026-02-12 14:35:00,2026-02-12 15:05:00,2026-02-12 15:15:00,SHORT,UNKNOWN,LOSS,-1.0,2,HVN,157963.94285714286
2026-02-12 14:40:00,2026-02-12 15:20:00,2026-02-12 15:45:00,LONG,UNKNOWN,WIN,2.0,5,HVN,113611.91785714286
2026-02-12 16:55:00,2026-02-12 17:50:00,2026-02-12 17:55:00,LONG,UNKNOWN,LOSS,-1.0,1,HVN,127665.16785714286
2026-02-13 07:20:00,2026-02-13 07:35:00,2026-02-13 07:40:00,SHORT,UNKNOWN,WIN,2.0,1,MID,34130.7709640601
2026-02-13 12:10:00,2026-02-13 12:50:00,2026-02-13 12:55:00,SHORT,UNKNOWN,WIN,2.0,1,MID,51311.01409592822
2026-02-16 19:15:00,2026-02-16 20:05:00,2026-02-16 20:10:00,SHORT,UNKNOWN,LOSS,-1.0,1,HVN,72131.57401656314
2026-02-16 21:10:00,2026-02-17 01:05:00,2026-02-17 01:10:00,LONG,UNKNOWN,LOSS,-1.0,1,HVN,94650.99425465838
2026-02-17 11:45:00,2026-02-17 12:25:00,2026-02-17 12:30:00,LONG,UNKNOWN,LOSS,-1.0,1,MID,30579.56460614549
2026-02-18 18:20:00,2026-02-18 18:55:00,2026-02-18 20:25:00,LONG,UNKNOWN,LOSS,-1.0,18,MID,45989.20042632807
2026-02-23 14:25:00,2026-02-23 15:15:00,2026-02-23 15:20:00,LONG,UNKNOWN,LOSS,-1.0,1,MID,31808.216666666667
2026-02-24 13:40:00,2026-02-24 14:05:00,2026-02-24 14:10:00,SHORT,UNKNOWN,WIN,2.0,1,HVN,62626.44523809525
2026-02-26 13:50:00,2026-02-26 15:10:00,2026-02-26 15:15:00,LONG,UNKNOWN,WIN,2.0,1,HVN,126794.25634920641
2026-02-27 11:45:00,2026-02-27 12:15:00,2026-02-27 12:25:00,SHORT,UNKNOWN,WIN,2.0,2,HVN,158583.77777777775
2026-03-02 23:45:00,2026-03-03 01:20:00,2026-03-03 01:25:00,LONG,UNKNOWN,WIN,2.0,1,MID,44172.36377788878
2026-03-06 01:40:00,2026-03-06 02:05:00,2026-03-06 02:15:00,SHORT,UNKNOWN,WIN,2.0,2,MID,32151.95426101676
2026-03-09 07:00:00,2026-03-09 08:50:00,2026-03-09 08:55:00,LONG,UNKNOWN,WIN,2.0,1,MID,64612.782074869574
2026-03-09 10:00:00,2026-03-09 10:30:00,2026-03-09 10:45:00,SHORT,UNKNOWN,WIN,2.0,3,HVN,85369.25707486957
2026-03-09 10:25:00,2026-03-09 11:40:00,2026-03-09 12:05:00,LONG,UNKNOWN,WIN,2.0,5,MID,74872.70429709183
2026-03-09 16:40:00,2026-03-09 17:10:00,2026-03-09 17:20:00,SHORT,UNKNOWN,LOSS,-1.0,2,HVN,124342.42612248858
2026-03-10 02:30:00,2026-03-10 03:30:00,2026-03-10 03:35:00,LONG,UNKNOWN,WIN,2.0,1,HVN,150682.0064699793
2026-03-10 09:20:00,2026-03-10 10:00:00,2026-03-10 10:05:00,LONG,UNKNOWN,LOSS,-1.0,1,HVN,143341.74026118816
2026-03-11 07:30:00,2026-03-11 08:35:00,2026-03-11 08:40:00,LONG,UNKNOWN,LOSS,-1.0,1,MID,51096.39145166428
2026-03-11 13:55:00,2026-03-11 14:25:00,2026-03-11 14:30:00,LONG,UNKNOWN,WIN,2.0,1,MID,83342.2009754738
2026-03-11 14:15:00,2026-03-11 14:55:00,2026-03-11 15:00:00,SHORT,UNKNOWN,WIN,2.0,1,HVN,143143.123136646
2026-03-12 14:05:00,2026-03-12 15:15:00,2026-03-12 15:20:00,LONG,UNKNOWN,LOSS,-1.0,1,HVN,159863.09029581526
2026-03-13 12:15:00,2026-03-13 12:35:00,2026-03-13 12:45:00,SHORT,UNKNOWN,LOSS,-1.0,2,HVN,76228.01189378258
2026-03-13 14:45:00,2026-03-13 15:40:00,2026-03-13 15:45:00,SHORT,UNKNOWN,LOSS,-1.0,1,MID,44376.597463768114
2026-03-16 00:05:00,2026-03-16 00:30:00,2026-03-16 01:00:00,SHORT,UNKNOWN,WIN,2.0,6,LVN,5520.94761904762
2026-03-16 00:45:00,2026-03-16 01:05:00,2026-03-16 01:15:00,SHORT,UNKNOWN,WIN,2.0,2,LVN,515.7619047619047
2026-03-17 13:55:00,2026-03-17 14:50:00,2026-03-17 15:00:00,LONG,UNKNOWN,WIN,2.0,2,HVN,51595.30288045289
2026-03-17 13:55:00,2026-03-17 14:50:00,2026-03-17 15:00:00,LONG,UNKNOWN,WIN,2.0,2,HVN,51595.30288045289
2026-03-17 15:40:00,2026-03-17 16:35:00,2026-03-17 17:25:00,SHORT,UNKNOWN,WIN,2.0,10,HVN,46242.636213786216
2026-03-20 01:40:00,2026-03-20 02:20:00,2026-03-20 02:25:00,LONG,UNKNOWN,WIN,2.0,1,MID,22135.98333333333
2026-03-23 14:00:00,2026-03-23 15:25:00,2026-03-23 15:30:00,LONG,UNKNOWN,WIN,2.0,1,MID,21793.029365079365
2026-03-24 00:00:00,2026-03-24 00:30:00,2026-03-24 00:35:00,LONG,UNKNOWN,WIN,2.0,1,HVN,59379.73333333334
2026-03-24 07:05:00,2026-03-24 07:55:00,2026-03-24 08:00:00,LONG,UNKNOWN,WIN,2.0,1,HVN,63790.28333333333
2026-03-24 12:55:00,2026-03-24 13:10:00,2026-03-24 13:15:00,SHORT,UNKNOWN,WIN,2.0,1,HVN,81385.02460317459
2026-03-26 20:20:00,2026-03-26 21:05:00,2026-03-26 21:50:00,LONG,UNKNOWN,LOSS,-1.0,9,HVN,102245.12718253968
2026-03-26 21:50:00,2026-03-26 22:25:00,2026-03-26 22:35:00,LONG,UNKNOWN,WIN,2.0,2,HVN,152091.04424603173
2026-03-27 02:50:00,2026-03-27 03:25:00,2026-03-27 03:30:00,LONG,UNKNOWN,WIN,2.0,1,HVN,167735.93069561152
2026-03-31 02:10:00,2026-03-31 03:05:00,2026-03-31 03:15:00,LONG,UNKNOWN,LOSS,-1.0,2,HVN,84096.79999999999
2026-03-31 14:20:00,2026-03-31 15:15:00,2026-03-31 16:50:00,SHORT,UNKNOWN,LOSS,-1.0,19,MID,74006.83333333333
2026-04-06 16:30:00,2026-04-06 17:20:00,2026-04-06 18:05:00,LONG,UNKNOWN,LOSS,-1.0,9,MID,50717.88809523809
2026-04-06 21:10:00,2026-04-06 21:40:00,2026-04-07 01:05:00,SHORT,UNKNOWN,LOSS,-1.0,17,MID,43185.09130591631
2026-04-07 03:45:00,2026-04-07 04:10:00,2026-04-07 04:30:00,SHORT,UNKNOWN,LOSS,-1.0,4,MID,31976.111940836938
2026-04-08 13:15:00,2026-04-08 13:55:00,2026-04-08 14:50:00,LONG,UNKNOWN,WIN,2.0,11,MID,33528.88333333334
2026-04-09 07:40:00,2026-04-09 08:15:00,2026-04-09 08:25:00,SHORT,UNKNOWN,LOSS,-1.0,2,HVN,51200.73333333334
2026-04-09 08:10:00,2026-04-09 08:30:00,2026-04-09 08:50:00,LONG,UNKNOWN,LOSS,-1.0,4,HVN,52787.73333333334
2026-04-09 08:25:00,2026-04-09 09:00:00,2026-04-09 09:05:00,SHORT,UNKNOWN,LOSS,-1.0,1,HVN,46523.454761904766
2026-04-09 09:50:00,2026-04-09 10:40:00,2026-04-09 13:45:00,LONG,UNKNOWN,WIN,2.0,37,HVN,52108.67142857143
2026-04-09 20:40:00,2026-04-09 21:15:00,2026-04-09 21:30:00,SHORT,UNKNOWN,WIN,2.0,3,HVN,49844.57499999999
2026-04-10 11:40:00,2026-04-10 13:05:00,2026-04-10 13:15:00,LONG,UNKNOWN,WIN,2.0,2,HVN,55865.67777777778
2026-04-10 12:15:00,2026-04-10 13:15:00,2026-04-10 13:20:00,SHORT,UNKNOWN,LOSS,-1.0,1,HVN,54970.445238095235
2026-04-10 14:10:00,2026-04-10 14:25:00,2026-04-10 14:30:00,LONG,UNKNOWN,WIN,2.0,1,HVN,66063.3865079365
2026-04-10 20:10:00,2026-04-10 21:10:00,2026-04-10 21:15:00,SHORT,UNKNOWN,LOSS,-1.0,1,HVN,72250.97020308117
2026-04-10 21:00:00,2026-04-10 21:20:00,2026-04-10 21:30:00,LONG,UNKNOWN,WIN,2.0,2,HVN,73487.13686974785
2026-04-13 13:25:00,2026-04-13 14:25:00,2026-04-13 14:35:00,LONG,UNKNOWN,LOSS,-1.0,2,HVN,72935.95645743146
2026-04-15 08:15:00,2026-04-15 08:55:00,2026-04-15 09:05:00,SHORT,UNKNOWN,WIN,2.0,2,MID,24221.889285714286
2026-04-16 13:15:00,2026-04-16 15:10:00,2026-04-16 15:15:00,LONG,UNKNOWN,WIN,2.0,1,HVN,64707.555952380935
2026-04-16 17:40:00,2026-04-16 19:30:00,2026-04-16 19:35:00,LONG,UNKNOWN,WIN,2.0,1,HVN,62068.519047619055
2026-04-17 01:00:00,2026-04-17 01:10:00,2026-04-17 01:20:00,LONG,UNKNOWN,LOSS,-1.0,2,HVN,85767.01190476192
2026-04-22 12:40:00,2026-04-22 13:15:00,2026-04-22 13:20:00,SHORT,UNKNOWN,WIN,2.0,1,MID,29677.43333333333
2026-04-22 15:25:00,2026-04-22 16:00:00,2026-04-22 16:05:00,SHORT,UNKNOWN,WIN,2.0,1,MID,23767.39761904762
2026-04-22 19:15:00,2026-04-22 21:20:00,2026-04-22 21:25:00,LONG,UNKNOWN,WIN,2.0,1,HVN,44520.0134920635
2026-04-23 03:00:00,2026-04-23 04:25:00,2026-04-23 05:55:00,LONG,UNKNOWN,LOSS,-1.0,18,MID,37197.23373015874
2026-04-24 02:10:00,2026-04-24 02:55:00,2026-04-24 03:00:00,LONG,UNKNOWN,WIN,2.0,1,MID,20973.956913919414
2026-04-24 04:05:00,2026-04-24 04:15:00,2026-04-24 04:30:00,LONG,UNKNOWN,LOSS,-1.0,3,MID,36032.22301587303
2026-04-24 04:00:00,2026-04-24 04:35:00,2026-04-24 05:20:00,SHORT,UNKNOWN,WIN,2.0,9,MID,29316.93469169719
2026-04-24 13:30:00,2026-04-24 15:40:00,2026-04-24 15:45:00,LONG,UNKNOWN,LOSS,-1.0,1,MID,40974.73849206349
2026-04-27 15:15:00,2026-04-27 15:45:00,2026-04-27 16:00:00,SHORT,UNKNOWN,WIN,2.0,3,HVN,69435.94087301588
2026-04-30 15:30:00,2026-04-30 16:30:00,2026-04-30 16:35:00,LONG,UNKNOWN,LOSS,-1.0,1,MID,35480.63571428571
2026-05-01 02:30:00,2026-05-01 03:05:00,2026-05-01 03:10:00,SHORT,UNKNOWN,WIN,2.0,1,MID,37150.15
2026-05-05 03:25:00,2026-05-05 03:55:00,2026-05-05 04:05:00,LONG,UNKNOWN,WIN,2.0,2,LVN,13587.353282828282
2026-05-05 08:30:00,2026-05-05 09:30:00,2026-05-05 09:35:00,SHORT,UNKNOWN,LOSS,-1.0,1,MID,34957.85357142858
2026-05-05 09:20:00,2026-05-05 10:10:00,2026-05-05 10:15:00,LONG,UNKNOWN,WIN,2.0,1,MID,25333.872619047623
2026-05-05 10:00:00,2026-05-05 11:00:00,2026-05-05 11:55:00,SHORT,UNKNOWN,LOSS,-1.0,11,MID,30202.15357142857
2026-05-05 13:50:00,2026-05-05 14:45:00,2026-05-05 15:00:00,LONG,UNKNOWN,LOSS,-1.0,3,HVN,48862.29523809524
2026-05-06 20:35:00,2026-05-06 21:40:00,2026-05-06 21:45:00,LONG,UNKNOWN,WIN,2.0,1,MID,26796.34642857143
2026-05-06 22:55:00,2026-05-07 01:20:00,2026-05-07 04:10:00,LONG,UNKNOWN,WIN,2.0,34,MID,31492.20833333333
2026-05-07 04:40:00,2026-05-07 05:35:00,2026-05-07 05:55:00,SHORT,UNKNOWN,LOSS,-1.0,4,MID,25080.274999999994
2026-05-11 03:50:00,2026-05-11 04:20:00,2026-05-11 04:25:00,LONG,UNKNOWN,WIN,2.0,1,MID,43906.6235042735
2026-05-11 08:30:00,2026-05-11 09:15:00,2026-05-11 09:20:00,SHORT,UNKNOWN,WIN,2.0,1,LVN,10820.713492063493
2026-05-12 02:50:00,2026-05-12 03:35:00,2026-05-12 03:50:00,SHORT,UNKNOWN,WIN,2.0,3,LVN,10354.591666666667
2026-05-12 13:05:00,2026-05-12 14:25:00,2026-05-12 14:30:00,SHORT,UNKNOWN,WIN,2.0,1,HVN,72339.67588522586
2026-05-12 15:45:00,2026-05-12 16:20:00,2026-05-12 16:55:00,SHORT,UNKNOWN,WIN,2.0,7,HVN,49811.87866300367
2026-05-13 08:30:00,2026-05-13 09:55:00,2026-05-13 10:00:00,LONG,UNKNOWN,WIN,2.0,1,HVN,99203.59255189252
2026-05-13 12:20:00,2026-05-13 13:15:00,2026-05-13 13:20:00,LONG,UNKNOWN,WIN,2.0,1,HVN,111994.65921855917
2026-05-13 22:50:00,2026-05-14 01:10:00,2026-05-14 01:15:00,LONG,UNKNOWN,WIN,2.0,1,HVN,92928.13580586082
2026-05-14 10:25:00,2026-05-14 11:00:00,2026-05-14 16:30:00,SHORT,UNKNOWN,WIN,2.0,66,HVN,162117.6262820513
2026-05-15 12:05:00,2026-05-15 12:20:00,2026-05-15 12:35:00,SHORT,UNKNOWN,WIN,2.0,3,LVN,5614.302380952381
2026-05-15 12:05:00,2026-05-15 12:55:00,2026-05-15 13:05:00,SHORT,UNKNOWN,LOSS,-1.0,2,LVN,3258.616666666667
2026-05-15 12:15:00,2026-05-15 13:25:00,2026-05-15 13:50:00,LONG,UNKNOWN,WIN,2.0,5,MID,8500.62619047619
2026-05-15 16:25:00,2026-05-15 16:55:00,2026-05-15 17:00:00,SHORT,UNKNOWN,WIN,2.0,1,LVN,1899.0857142857144
2026-05-15 16:35:00,2026-05-15 18:35:00,2026-05-15 19:05:00,LONG,UNKNOWN,LOSS,-1.0,6,MID,8283.819047619047
2026-05-18 06:30:00,2026-05-18 07:20:00,2026-05-18 07:40:00,LONG,UNKNOWN,WIN,2.0,4,MID,22755.756547619043
2026-05-18 11:45:00,2026-05-18 12:15:00,2026-05-18 12:30:00,SHORT,UNKNOWN,WIN,2.0,3,HVN,50335.24464285715
2026-05-19 03:00:00,2026-05-19 03:40:00,2026-05-19 03:45:00,SHORT,UNKNOWN,WIN,2.0,1,MID,29662.366666666665
2026-05-19 10:25:00,2026-05-19 11:05:00,2026-05-19 11:20:00,LONG,UNKNOWN,LOSS,-1.0,3,HVN,101582.153517316
2026-05-19 10:55:00,2026-05-19 11:30:00,2026-05-19 11:45:00,SHORT,UNKNOWN,LOSS,-1.0,3,HVN,103518.40351731601
2026-05-20 09:35:00,2026-05-20 10:50:00,2026-05-20 10:55:00,LONG,UNKNOWN,WIN,2.0,1,MID,24179.987662337666
2026-05-20 16:10:00,2026-05-20 17:15:00,2026-05-20 17:20:00,SHORT,UNKNOWN,LOSS,-1.0,1,MID,47999.371464646465
2026-05-22 08:35:00,2026-05-22 09:20:00,2026-05-22 10:35:00,SHORT,UNKNOWN,WIN,2.0,15,MID,43196.96369047618
2026-05-22 10:30:00,2026-05-22 11:20:00,2026-05-22 11:25:00,LONG,UNKNOWN,LOSS,-1.0,1,HVN,78675.80892857145
2026-05-22 12:15:00,2026-05-22 13:30:00,2026-05-22 13:35:00,LONG,UNKNOWN,LOSS,-1.0,1,MID,47056.7507034632
2026-05-22 15:10:00,2026-05-22 15:40:00,2026-05-22 16:40:00,SHORT,UNKNOWN,WIN,2.0,12,HVN,53729.16737012987
2026-05-22 19:25:00,2026-05-22 20:00:00,2026-05-22 20:20:00,SHORT,UNKNOWN,WIN,2.0,4,HVN,70077.45248330102
2026-05-26 10:15:00,2026-05-26 11:00:00,2026-05-26 11:10:00,LONG,UNKNOWN,LOSS,-1.0,2,HVN,116447.04948910742
2026-05-26 14:55:00,2026-05-26 17:10:00,2026-05-26 17:20:00,LONG,UNKNOWN,WIN,2.0,2,MID,42823.47961088356
2026-05-26 16:20:00,2026-05-26 17:30:00,2026-05-26 17:50:00,SHORT,UNKNOWN,WIN,2.0,4,HVN,65373.015492116596
2026-05-26 22:40:00,2026-05-27 01:35:00,2026-05-27 01:55:00,SHORT,UNKNOWN,LOSS,-1.0,4,MID,34157.019872602454
2026-05-27 05:40:00,2026-05-27 06:05:00,2026-05-27 06:10:00,LONG,UNKNOWN,WIN,2.0,1,MID,40414.87735772354
2026-05-27 10:45:00,2026-05-27 11:30:00,2026-05-27 11:35:00,LONG,UNKNOWN,WIN,2.0,1,MID,21655.280010810442
2026-05-27 14:55:00,2026-05-27 15:55:00,2026-05-27 16:05:00,LONG,UNKNOWN,LOSS,-1.0,2,LVN,2246.114285714286
2026-05-27 22:10:00,2026-05-28 02:05:00,2026-05-28 02:45:00,LONG,UNKNOWN,LOSS,-1.0,8,MID,14862.85189255189
2026-05-29 11:50:00,2026-05-29 12:55:00,2026-05-29 13:30:00,LONG,UNKNOWN,WIN,2.0,7,HVN,74103.09190221548
2026-06-02 02:45:00,2026-06-02 03:40:00,2026-06-02 04:00:00,LONG,UNKNOWN,LOSS,-1.0,4,MID,27366.503846153846
2026-06-02 21:40:00,2026-06-02 22:05:00,2026-06-02 22:15:00,LONG,UNKNOWN,LOSS,-1.0,2,HVN,40450.587179487185
2026-06-02 21:25:00,2026-06-02 21:45:00,2026-06-03 01:00:00,SHORT,UNKNOWN,LOSS,-1.0,15,HVN,43031.6490842491
2026-06-03 01:00:00,2026-06-03 01:25:00,2026-06-03 01:30:00,LONG,UNKNOWN,WIN,2.0,1,MID,35126.730036630026
2026-06-04 17:50:00,2026-06-04 18:40:00,2026-06-04 18:45:00,LONG,UNKNOWN,LOSS,-1.0,1,MID,47889.987973137984
2026-06-05 04:00:00,2026-06-05 04:40:00,2026-06-05 04:45:00,SHORT,UNKNOWN,WIN,2.0,1,MID,41255.66724941725
2026-06-05 14:20:00,2026-06-05 15:00:00,2026-06-05 15:10:00,LONG,UNKNOWN,WIN,2.0,2,HVN,83445.88650793652
2026-06-08 01:00:00,2026-06-08 01:15:00,2026-06-08 03:20:00,LONG,UNKNOWN,WIN,2.0,25,MID,11023.508333333333
2026-06-08 10:20:00,2026-06-08 11:15:00,2026-06-08 11:25:00,SHORT,UNKNOWN,WIN,2.0,2,LVN,7341.138888888889
2026-06-08 15:15:00,2026-06-08 15:45:00,2026-06-08 15:50:00,LONG,UNKNOWN,LOSS,-1.0,1,MID,22018.716666666667
2026-06-08 16:30:00,2026-06-08 17:45:00,2026-06-08 17:50:00,SHORT,UNKNOWN,WIN,2.0,1,MID,39239.352380952376
2026-06-08 16:30:00,2026-06-08 17:45:00,2026-06-08 17:50:00,SHORT,UNKNOWN,WIN,2.0,1,MID,39239.352380952376
2026-06-09 10:35:00,2026-06-09 11:45:00,2026-06-09 12:20:00,LONG,UNKNOWN,WIN,2.0,7,HVN,72544.21666666666
2026-06-11 19:10:00,2026-06-11 20:20:00,2026-06-11 20:25:00,SHORT,UNKNOWN,LOSS,-1.0,1,HVN,81828.41666666666
2026-06-12 15:15:00,2026-06-12 16:20:00,2026-06-12 16:30:00,SHORT,UNKNOWN,WIN,2.0,2,HVN,56004.24523809524
2026-06-12 16:35:00,2026-06-12 17:15:00,2026-06-12 17:20:00,SHORT,UNKNOWN,WIN,2.0,1,HVN,67079.4761904762
2026-06-22 16:05:00,2026-06-22 17:00:00,2026-06-22 17:05:00,LONG,UNKNOWN,WIN,2.0,1,HVN,65923.26626984128
2026-06-23 02:35:00,2026-06-23 03:00:00,2026-06-23 03:05:00,SHORT,UNKNOWN,WIN,2.0,1,HVN,110870.53055555555
2026-06-23 16:00:00,2026-06-23 17:35:00,2026-06-23 17:40:00,LONG,UNKNOWN,WIN,2.0,1,MID,23698.300000000003
2026-06-25 22:45:00,2026-06-26 01:40:00,2026-06-26 02:45:00,LONG,UNKNOWN,LOSS,-1.0,13,MID,42177.657900432896
2026-06-26 10:25:00,2026-06-26 11:05:00,2026-06-26 11:15:00,SHORT,UNKNOWN,LOSS,-1.0,2,HVN,59248.741233766224
2026-06-26 13:20:00,2026-06-26 14:00:00,2026-06-26 14:15:00,LONG,UNKNOWN,LOSS,-1.0,3,MID,20903.41666666667
2026-06-26 13:50:00,2026-06-26 15:10:00,2026-06-26 15:15:00,SHORT,UNKNOWN,WIN,2.0,1,MID,33035.25
2026-06-26 13:20:00,2026-06-26 13:35:00,2026-06-26 15:20:00,LONG,UNKNOWN,LOSS,-1.0,21,MID,21659.25
2026-06-26 15:20:00,2026-06-26 16:05:00,2026-06-26 16:20:00,LONG,UNKNOWN,WIN,2.0,3,MID,42975.31666666667
2026-06-26 18:05:00,2026-06-26 18:50:00,2026-06-26 19:00:00,LONG,UNKNOWN,WIN,2.0,2,MID,35706.36666666666
2026-06-29 03:20:00,2026-06-29 04:00:00,2026-06-29 04:05:00,LONG,UNKNOWN,WIN,2.0,1,HVN,58946.69047619048
2026-07-01 10:05:00,2026-07-01 11:00:00,2026-07-01 11:15:00,LONG,UNKNOWN,WIN,2.0,3,MID,35893.00476190477
2026-07-01 17:30:00,2026-07-01 18:25:00,2026-07-01 18:35:00,SHORT,UNKNOWN,WIN,2.0,2,MID,36937.7474025974
2026-07-02 08:30:00,2026-07-02 09:30:00,2026-07-02 09:40:00,LONG,UNKNOWN,LOSS,-1.0,2,MID,39137.17522477524
2026-07-03 01:00:00,2026-07-03 01:15:00,2026-07-03 01:35:00,LONG,UNKNOWN,WIN,2.0,4,MID,38200.17702922079
2026-07-03 08:30:00,2026-07-03 08:50:00,2026-07-03 08:55:00,SHORT,UNKNOWN,WIN,2.0,1,LVN,1281.725
2026-07-06 15:40:00,2026-07-06 16:35:00,2026-07-06 16:45:00,LONG,UNKNOWN,LOSS,-1.0,2,MID,22941.057142857142
2026-07-06 16:20:00,2026-07-06 17:10:00,2026-07-06 17:15:00,SHORT,UNKNOWN,WIN,2.0,1,MID,21034.766666666663
2026-07-06 17:40:00,2026-07-06 19:00:00,2026-07-06 19:30:00,LONG,UNKNOWN,WIN,2.0,6,MID,19369.716666666667
2026-07-07 01:00:00,2026-07-07 01:35:00,2026-07-07 01:50:00,LONG,UNKNOWN,LOSS,-1.0,3,MID,28231.778571428575
2026-07-07 11:50:00,2026-07-07 12:45:00,2026-07-07 13:00:00,LONG,UNKNOWN,WIN,2.0,3,HVN,56100.91809523809
2026-07-07 11:10:00,2026-07-07 13:05:00,2026-07-07 13:25:00,SHORT,UNKNOWN,LOSS,-1.0,4,MID,34754.52380952381
2026-07-09 04:30:00,2026-07-09 05:30:00,2026-07-09 05:45:00,LONG,UNKNOWN,LOSS,-1.0,3,HVN,86258.67102564102
2026-07-10 03:55:00,2026-07-10 05:05:00,2026-07-10 05:10:00,SHORT,UNKNOWN,LOSS,-1.0,1,HVN,119936.08908730155
2026-07-10 08:30:00,2026-07-10 09:20:00,2026-07-10 09:25:00,LONG,UNKNOWN,LOSS,-1.0,1,HVN,64957.59067460318
2026-07-10 17:30:00,2026-07-10 17:50:00,2026-07-13 01:00:00,LONG,UNKNOWN,LOSS,-1.0,62,HVN,65858.80615079364
2026-07-13 21:45:00,2026-07-13 22:40:00,2026-07-13 22:50:00,SHORT,UNKNOWN,LOSS,-1.0,2,MID,21586.573809523805
2026-07-14 12:10:00,2026-07-14 12:35:00,2026-07-14 12:45:00,SHORT,UNKNOWN,LOSS,-1.0,2,MID,34365.97222222222
2026-07-16 05:35:00,2026-07-16 08:05:00,2026-07-16 08:15:00,LONG,UNKNOWN,WIN,2.0,2,HVN,70139.75564892624
2026-07-16 08:20:00,2026-07-16 09:10:00,2026-07-16 09:35:00,LONG,UNKNOWN,LOSS,-1.0,5,HVN,67944.27231559291
2026-07-16 14:15:00,2026-07-16 14:55:00,2026-07-16 15:15:00,LONG,UNKNOWN,LOSS,-1.0,4,MID,41570.8973155929
2026-07-17 16:30:00,2026-07-17 17:25:00,2026-07-17 17:30:00,LONG,UNKNOWN,LOSS,-1.0,1,HVN,70773.04747474748
2026-07-21 13:35:00,2026-07-21 15:20:00,2026-07-21 15:25:00,SHORT,UNKNOWN,WIN,2.0,1,MID,44069.00955362467
2026-07-22 08:15:00,2026-07-22 09:05:00,2026-07-22 09:20:00,LONG,UNKNOWN,LOSS,-1.0,3,MID,11994.783333333331
2026-07-23 04:00:00,2026-07-23 04:40:00,2026-07-23 04:55:00,SHORT,UNKNOWN,WIN,2.0,3,MID,26188.716917293234
2026-07-23 13:50:00,2026-07-23 14:50:00,2026-07-23 14:55:00,SHORT,UNKNOWN,WIN,2.0,1,MID,27728.60786143286
2026-07-24 16:05:00,2026-07-24 17:15:00,2026-07-24 17:20:00,LONG,UNKNOWN,WIN,2.0,1,HVN,78979.77738095235
2026-07-27 08:05:00,2026-07-27 08:50:00,2026-07-27 08:55:00,SHORT,UNKNOWN,LOSS,-1.0,1,MID,34343.44410444717
2026-07-27 08:45:00,2026-07-27 09:30:00,2026-07-27 09:35:00,LONG,UNKNOWN,WIN,2.0,1,MID,29317.3155330186
2026-07-27 10:00:00,2026-07-27 11:55:00,2026-07-27 12:00:00,SHORT,UNKNOWN,WIN,2.0,1,MID,33657.98219968526
2026-07-28 05:40:00,2026-07-28 07:10:00,2026-07-28 07:15:00,LONG,UNKNOWN,WIN,2.0,1,MID,45225.130361757096
2026-07-28 11:00:00,2026-07-28 11:55:00,2026-07-28 12:25:00,SHORT,UNKNOWN,WIN,2.0,6,HVN,90832.3803617571
2026-07-28 22:30:00,2026-07-29 01:25:00,2026-07-29 01:30:00,SHORT,UNKNOWN,WIN,2.0,1,HVN,52052.00857243534
2026-07-30 18:10:00,2026-07-30 20:25:00,2026-07-30 20:30:00,LONG,UNKNOWN,WIN,2.0,1,MID,31514.936205219896
2026-07-31 08:50:00,2026-07-31 09:30:00,2026-07-31 10:25:00,LONG,UNKNOWN,LOSS,-1.0,11,HVN,65348.602740882445
2026-08-03 13:50:00,2026-08-03 14:45:00,2026-08-03 14:50:00,LONG,UNKNOWN,WIN,2.0,1,HVN,57042.73344969428
2026-08-03 14:50:00,2026-08-03 15:55:00,2026-08-03 16:00:00,SHORT,UNKNOWN,LOSS,-1.0,1,HVN,108744.99355070431
2026-08-04 03:05:00,2026-08-04 04:35:00,2026-08-04 04:40:00,SHORT,UNKNOWN,LOSS,-1.0,1,HVN,66424.99222410472
2026-08-05 01:35:00,2026-08-05 02:30:00,2026-08-05 03:00:00,SHORT,UNKNOWN,LOSS,-1.0,6,MID,40968.57761081945
2026-08-06 08:30:00,2026-08-06 08:45:00,2026-08-06 09:35:00,LONG,UNKNOWN,LOSS,-1.0,10,MID,21874.100000000002
2026-08-06 15:30:00,2026-08-06 15:55:00,2026-08-06 16:05:00,SHORT,UNKNOWN,WIN,2.0,2,MID,20925.75
2026-08-06 22:10:00,2026-08-06 22:25:00,2026-08-06 22:30:00,SHORT,UNKNOWN,WIN,2.0,1,MID,25288.51666666667
2026-08-07 02:30:00,2026-08-07 03:20:00,2026-08-07 03:25:00,SHORT,UNKNOWN,WIN,2.0,1,MID,40216.258333333346
2026-08-07 07:40:00,2026-08-07 08:20:00,2026-08-07 08:25:00,LONG,UNKNOWN,LOSS,-1.0,1,HVN,53856.31666666666
2026-08-07 07:40:00,2026-08-07 08:40:00,2026-08-07 08:45:00,LONG,UNKNOWN,WIN,2.0,1,MID,36269.05
2026-08-10 16:30:00,2026-08-10 17:10:00,2026-08-10 17:20:00,SHORT,UNKNOWN,LOSS,-1.0,2,MID,28327.128205128203
2026-08-11 04:00:00,2026-08-11 04:35:00,2026-08-11 04:45:00,LONG,UNKNOWN,WIN,2.0,2,LVN,3960.5
2026-08-11 04:00:00,2026-08-11 05:05:00,2026-08-11 05:10:00,LONG,UNKNOWN,WIN,2.0,1,LVN,2848.333333333333
2026-08-12 01:00:00,2026-08-12 01:20:00,2026-08-12 01:25:00,LONG,UNKNOWN,WIN,2.0,1,MID,24833.366666666665
2026-08-12 01:00:00,2026-08-12 01:55:00,2026-08-12 02:00:00,LONG,UNKNOWN,LOSS,-1.0,1,MID,27198.61666666667
2026-08-12 08:05:00,2026-08-12 09:45:00,2026-08-12 09:55:00,SHORT,UNKNOWN,LOSS,-1.0,2,MID,30373.666666666668
2026-08-12 15:00:00,2026-08-12 15:35:00,2026-08-13 01:00:00,LONG,UNKNOWN,LOSS,-1.0,89,LVN,4918.692307692308
2026-08-13 14:10:00,2026-08-13 14:30:00,2026-08-13 14:40:00,SHORT,UNKNOWN,WIN,2.0,2,MID,52138.735897435894
2026-08-14 01:00:00,2026-08-14 02:00:00,2026-08-14 02:05:00,LONG,UNKNOWN,WIN,2.0,1,HVN,70553.10021645021
2026-08-17 01:00:00,2026-08-17 02:15:00,2026-08-17 02:20:00,LONG,UNKNOWN,LOSS,-1.0,1,HVN,99372.51722689076
2026-08-17 08:10:00,2026-08-17 08:35:00,2026-08-17 08:40:00,LONG,UNKNOWN,WIN,2.0,1,HVN,60536.317433653305
2026-08-17 12:45:00,2026-08-17 13:30:00,2026-08-17 14:05:00,LONG,UNKNOWN,WIN,2.0,7,HVN,64460.14838603425
2026-08-18 08:30:00,2026-08-18 09:25:00,2026-08-18 10:25:00,LONG,UNKNOWN,WIN,2.0,12,HVN,71345.97695746283
2026-08-20 01:00:00,2026-08-20 01:40:00,2026-08-20 01:45:00,SHORT,UNKNOWN,WIN,2.0,1,LVN,1957.8
2026-08-20 06:10:00,2026-08-20 07:00:00,2026-08-20 07:20:00,LONG,UNKNOWN,LOSS,-1.0,4,MID,35403.55833333335
2026-08-24 02:55:00,2026-08-24 03:35:00,2026-08-24 05:05:00,SHORT,UNKNOWN,LOSS,-1.0,18,LVN,6803.416666666667
2026-08-24 08:30:00,2026-08-24 09:25:00,2026-08-24 09:30:00,LONG,UNKNOWN,WIN,2.0,1,MID,16500.5
2026-08-24 13:45:00,2026-08-24 15:30:00,2026-08-24 15:35:00,LONG,UNKNOWN,WIN,2.0,1,LVN,10817.016666666666
2026-08-24 15:30:00,2026-08-24 16:35:00,2026-08-24 16:40:00,LONG,UNKNOWN,LOSS,-1.0,1,LVN,5858.2
2026-08-25 14:45:00,2026-08-25 15:25:00,2026-08-25 15:35:00,SHORT,UNKNOWN,WIN,2.0,2,HVN,91015.88571428572
2026-08-25 20:05:00,2026-08-25 21:00:00,2026-08-25 21:10:00,LONG,UNKNOWN,WIN,2.0,2,HVN,97536.95238095235
2026-08-26 01:00:00,2026-08-26 02:20:00,2026-08-26 02:40:00,LONG,UNKNOWN,LOSS,-1.0,4,MID,36752.26111111112
2026-08-26 15:00:00,2026-08-26 15:55:00,2026-08-26 16:00:00,SHORT,UNKNOWN,WIN,2.0,1,MID,33481.432738095245
2026-08-28 08:25:00,2026-08-28 09:05:00,2026-08-28 09:15:00,SHORT,UNKNOWN,LOSS,-1.0,2,HVN,58309.900000000016
2026-08-28 15:20:00,2026-08-28 15:45:00,2026-08-28 16:05:00,SHORT,UNKNOWN,LOSS,-1.0,4,HVN,108356.01666666663
2026-08-28 15:35:00,2026-08-28 16:30:00,2026-08-28 16:35:00,LONG,UNKNOWN,WIN,2.0,1,HVN,93285.15416666667
2026-08-31 21:25:00,2026-08-31 22:10:00,2026-08-31 22:20:00,LONG,UNKNOWN,WIN,2.0,2,HVN,54972.325000000004
2026-09-01 07:40:00,2026-09-01 09:25:00,2026-09-01 09:30:00,LONG,UNKNOWN,WIN,2.0,1,MID,37259.90833333334
2026-09-01 14:45:00,2026-09-01 15:25:00,2026-09-01 15:30:00,SHORT,UNKNOWN,WIN,2.0,1,MID,13590.133333333331
2026-09-02 09:10:00,2026-09-02 09:50:00,2026-09-02 10:05:00,SHORT,UNKNOWN,LOSS,-1.0,3,MID,13713.083333333336
2026-09-02 13:50:00,2026-09-02 14:05:00,2026-09-02 14:10:00,LONG,UNKNOWN,WIN,2.0,1,MID,18572.083333333336
2026-09-03 09:20:00,2026-09-03 10:05:00,2026-09-03 10:20:00,LONG,UNKNOWN,WIN,2.0,3,HVN,52726.36666666666
2026-09-04 03:45:00,2026-09-04 04:35:00,2026-09-04 04:40:00,SHORT,UNKNOWN,WIN,2.0,1,MID,36036.15714285715
2026-09-09 06:55:00,2026-09-09 07:30:00,2026-09-09 08:00:00,LONG,UNKNOWN,WIN,2.0,6,MID,44919.49597701149
2026-09-09 22:35:00,2026-09-10 01:25:00,2026-09-10 01:30:00,LONG,UNKNOWN,WIN,2.0,1,HVN,73943.9809459753
2026-09-10 03:00:00,2026-09-10 03:45:00,2026-09-10 03:50:00,LONG,UNKNOWN,WIN,2.0,1,HVN,76026.43094597527
2026-09-10 07:40:00,2026-09-10 09:20:00,2026-09-10 09:25:00,LONG,UNKNOWN,WIN,2.0,1,HVN,51818.13412057846
2026-09-10 15:35:00,2026-09-10 16:30:00,2026-09-10 16:35:00,LONG,UNKNOWN,WIN,2.0,1,MID,24390.389619883044
2026-09-11 15:30:00,2026-09-11 15:40:00,2026-09-11 15:55:00,LONG,UNKNOWN,WIN,2.0,3,MID,24049.226921470345
2026-09-14 04:00:00,2026-09-14 04:50:00,2026-09-14 04:55:00,LONG,UNKNOWN,WIN,2.0,1,MID,31318.122506420787
2026-09-15 16:50:00,2026-09-15 18:55:00,2026-09-15 19:00:00,SHORT,UNKNOWN,WIN,2.0,1,HVN,40533.277124183005
2026-09-15 21:40:00,2026-09-15 22:15:00,2026-09-15 22:40:00,SHORT,UNKNOWN,WIN,2.0,5,MID,16063.777124183005
2026-09-16 07:20:00,2026-09-16 08:15:00,2026-09-16 08:20:00,SHORT,UNKNOWN,LOSS,-1.0,1,MID,21261.716305916307
2026-09-17 07:45:00,2026-09-17 08:30:00,2026-09-17 08:45:00,SHORT,UNKNOWN,LOSS,-1.0,3,HVN,55392.21864334274
