setup_time,entry_time,exit_time,direction,session,status,r,bars_held,initial_risk,vol_regime,r_slipped
2025-06-04 22:40:00,2025-06-04 23:45:00,2025-06-05 01:25:00,LONG,UNKNOWN,WIN,2.0,8,1.180000000000291,NORMAL,2.0
2025-06-05 03:40:00,2025-06-05 04:10:00,2025-06-05 04:35:00,LONG,UNKNOWN,LOSS,-1.0,5,4.174999999999727,NORMAL,-1.05
2025-06-06 10:45:00,2025-06-06 12:05:00,2025-06-06 12:20:00,LONG,UNKNOWN,LOSS,-1.0,3,1.3949999999999818,NORMAL,-1.05
2025-06-09 02:55:00,2025-06-09 03:55:00,2025-06-09 04:00:00,SHORT,UNKNOWN,WIN,2.0,1,3.539999999999964,NORMAL,2.0
2025-06-16 13:15:00,2025-06-16 14:00:00,2025-06-16 14:05:00,LONG,UNKNOWN,WIN,2.0,1,0.680000000000291,NORMAL,2.0
2025-06-18 04:30:00,2025-06-18 04:50:00,2025-06-18 04:55:00,SHORT,UNKNOWN,WIN,2.0,1,2.414999999999964,NORMAL,2.0
2025-06-25 07:30:00,2025-06-25 08:20:00,2025-06-25 08:25:00,LONG,UNKNOWN,WIN,2.0,1,0.8150000000000546,NORMAL,2.0
2025-06-25 10:05:00,2025-06-25 10:30:00,2025-06-25 11:15:00,LONG,UNKNOWN,LOSS,-1.0,9,3.5850000000000364,NORMAL,-1.05
2025-09-01 01:05:00,2025-09-01 02:35:00,2025-09-01 02:50:00,LONG,UNKNOWN,WIN,2.0,3,1.7399999999997815,NORMAL,2.0
2025-09-09 14:55:00,2025-09-09 15:15:00,2025-09-09 15:35:00,LONG,UNKNOWN,LOSS,-1.0,4,3.414999999999964,NORMAL,-1.05
2025-09-16 14:00:00,2025-09-16 15:15:00,2025-09-16 15:20:00,LONG,UNKNOWN,WIN,2.0,1,1.5450000000000728,NORMAL,2.0
2025-09-17 13:00:00,2025-09-17 14:10:00,2025-09-17 14:15:00,SHORT,UNKNOWN,WIN,2.0,1,0.9600000000000364,NORMAL,2.0
2025-09-22 05:45:00,2025-09-22 07:20:00,2025-09-22 07:45:00,LONG,UNKNOWN,WIN,2.0,5,1.0300000000002,NORMAL,2.0
2025-09-26 08:35:00,2025-09-26 09:05:00,2025-09-26 09:10:00,SHORT,UNKNOWN,LOSS,-1.0,1,1.7950000000000728,NORMAL,-1.05
2025-09-26 09:10:00,2025-09-26 10:15:00,2025-09-26 10:20:00,SHORT,UNKNOWN,WIN,2.0,1,1.0050000000001091,NORMAL,2.0
2025-09-29 22:05:00,2025-09-29 22:50:00,2025-09-29 23:10:00,LONG,UNKNOWN,WIN,2.0,4,1.5199999999999818,NORMAL,2.0
2025-10-10 01:00:00,2025-10-10 01:20:00,2025-10-10 01:25:00,SHORT,UNKNOWN,WIN,2.0,1,3.414999999999964,NORMAL,2.0
2025-10-13 11:35:00,2025-10-13 12:10:00,2025-10-13 12:55:00,LONG,UNKNOWN,WIN,2.0,9,3.400000000000091,NORMAL,2.0
2025-10-13 22:00:00,2025-10-13 23:00:00,2025-10-13 23:05:00,LONG,UNKNOWN,WIN,2.0,1,2.090000000000145,NORMAL,2.0
2025-10-14 01:30:00,2025-10-14 02:20:00,2025-10-14 02:25:00,LONG,UNKNOWN,WIN,2.0,1,3.074999999999818,NORMAL,2.0
2025-10-15 03:25:00,2025-10-15 05:30:00,2025-10-15 05:35:00,LONG,UNKNOWN,WIN,2.0,1,4.359999999999673,NORMAL,2.0
2025-10-15 15:15:00,2025-10-15 16:00:00,2025-10-15 16:10:00,LONG,UNKNOWN,WIN,2.0,2,3.100000000000364,HIGH,2.0
2025-10-16 01:10:00,2025-10-16 01:30:00,2025-10-16 03:15:00,LONG,UNKNOWN,WIN,2.0,21,4.539999999999964,NORMAL,2.0
2025-10-22 08:15:00,2025-10-22 09:05:00,2025-10-22 09:30:00,SHORT,UNKNOWN,LOSS,-1.0,5,6.289999999999964,HIGH,-1.15
2025-10-27 05:35:00,2025-10-27 07:20:00,2025-10-27 07:25:00,SHORT,UNKNOWN,LOSS,-1.0,1,3.055000000000291,NORMAL,-1.05
2025-10-31 06:05:00,2025-10-31 07:00:00,2025-10-31 07:05:00,LONG,UNKNOWN,LOSS,-1.0,1,1.1549999999997451,NORMAL,-1.05
2025-10-31 11:15:00,2025-10-31 12:45:00,2025-10-31 13:00:00,LONG,UNKNOWN,WIN,2.0,3,2.6650000000004184,NORMAL,2.0
2025-10-31 13:05:00,2025-10-31 14:00:00,2025-10-31 14:10:00,LONG,UNKNOWN,WIN,2.0,2,2.039999999999964,NORMAL,2.0
2025-11-04 13:50:00,2025-11-04 15:10:00,2025-11-04 15:15:00,SHORT,UNKNOWN,WIN,2.0,1,1.7999999999997272,NORMAL,2.0
2025-11-04 18:15:00,2025-11-04 19:10:00,2025-11-04 19:20:00,SHORT,UNKNOWN,WIN,2.0,2,3.3899999999998727,NORMAL,2.0
2025-11-11 04:30:00,2025-11-11 04:45:00,2025-11-11 05:05:00,LONG,UNKNOWN,WIN,2.0,4,3.519999999999527,NORMAL,2.0
2025-11-11 09:50:00,2025-11-11 10:20:00,2025-11-11 10:25:00,LONG,UNKNOWN,WIN,2.0,1,1.464999999999236,NORMAL,2.0
2025-11-17 12:00:00,2025-11-17 13:40:00,2025-11-17 13:45:00,SHORT,UNKNOWN,WIN,2.0,1,1.805000000000291,HIGH,2.0
2025-11-18 02:55:00,2025-11-18 04:15:00,2025-11-18 04:20:00,SHORT,UNKNOWN,WIN,2.0,1,2.2649999999998727,NORMAL,2.0
2025-11-19 20:50:00,2025-11-19 22:15:00,2025-11-19 22:25:00,SHORT,UNKNOWN,WIN,2.0,2,2.794999999999618,NORMAL,2.0
2025-11-20 09:05:00,2025-11-20 09:25:00,2025-11-20 09:40:00,SHORT,UNKNOWN,WIN,2.0,3,5.270000000000437,NORMAL,2.0
2025-11-20 09:05:00,2025-11-20 09:45:00,2025-11-20 10:00:00,SHORT,UNKNOWN,WIN,2.0,3,3.789999999999964,NORMAL,2.0
2025-11-21 01:40:00,2025-11-21 02:35:00,2025-11-21 02:40:00,SHORT,UNKNOWN,LOSS,-1.0,1,2.6099999999996726,NORMAL,-1.05
2025-11-24 06:10:00,2025-11-24 08:00:00,2025-11-24 08:05:00,SHORT,UNKNOWN,LOSS,-1.0,1,1.4249999999997272,NORMAL,-1.05
2025-11-26 12:00:00,2025-11-26 12:50:00,2025-11-26 13:15:00,SHORT,UNKNOWN,LOSS,-1.0,5,1.3100000000004002,NORMAL,-1.05
2025-12-05 02:15:00,2025-12-05 03:20:00,2025-12-05 03:30:00,SHORT,UNKNOWN,WIN,2.0,2,2.2349999999996726,NORMAL,2.0
2025-12-10 21:00:00,2025-12-10 21:45:00,2025-12-10 21:55:00,SHORT,UNKNOWN,LOSS,-1.0,2,9.680000000000293,HIGH,-1.15
2025-12-11 10:40:00,2025-12-11 11:25:00,2025-12-11 11:30:00,SHORT,UNKNOWN,WIN,2.0,1,1.3800000000001091,NORMAL,2.0
2025-12-15 05:00:00,2025-12-15 05:30:00,2025-12-15 06:10:00,SHORT,UNKNOWN,LOSS,-1.0,8,2.380000000000109,NORMAL,-1.05
2025-12-16 02:10:00,2025-12-16 03:10:00,2025-12-16 03:30:00,SHORT,UNKNOWN,LOSS,-1.0,4,3.9200000000000728,NORMAL,-1.05
2025-12-17 17:30:00,2025-12-17 17:45:00,2025-12-17 17:50:00,SHORT,UNKNOWN,WIN,2.0,1,7.0600000000004,HIGH,2.0
2025-12-17 19:55:00,2025-12-17 21:15:00,2025-12-17 21:20:00,SHORT,UNKNOWN,WIN,2.0,1,2.145000000000437,NORMAL,2.0
2025-12-18 08:30:00,2025-12-18 09:10:00,2025-12-18 09:25:00,SHORT,UNKNOWN,LOSS,-1.0,3,1.4099999999998545,NORMAL,-1.05
2025-12-18 15:50:00,2025-12-18 17:00:00,2025-12-18 17:20:00,SHORT,UNKNOWN,WIN,2.0,4,5.140000000000327,HIGH,2.0
2025-12-22 19:10:00,2025-12-22 19:35:00,2025-12-22 20:45:00,SHORT,UNKNOWN,WIN,2.0,14,3.1850000000004,NORMAL,2.0
2025-12-23 22:55:00,2025-12-23 23:45:00,2025-12-23 23:50:00,SHORT,UNKNOWN,WIN,2.0,1,0.7449999999998909,NORMAL,2.0
2025-12-24 06:35:00,2025-12-24 08:35:00,2025-12-24 08:40:00,SHORT,UNKNOWN,WIN,2.0,1,1.1099999999996726,NORMAL,2.0
2025-12-24 11:45:00,2025-12-24 12:55:00,2025-12-24 13:05:00,SHORT,UNKNOWN,WIN,2.0,2,2.494999999999891,NORMAL,2.0
2025-12-26 21:10:00,2025-12-26 21:40:00,2025-12-26 21:45:00,SHORT,UNKNOWN,WIN,2.0,1,4.229999999999563,NORMAL,2.0
2025-12-30 09:45:00,2025-12-30 10:55:00,2025-12-30 11:10:00,SHORT,UNKNOWN,LOSS,-1.0,3,3.1099999999996726,HIGH,-1.15
2025-12-31 20:15:00,2025-12-31 20:35:00,2025-12-31 20:40:00,SHORT,UNKNOWN,WIN,2.0,1,2.494999999999891,NORMAL,2.0
2026-01-02 12:50:00,2026-01-02 13:40:00,2026-01-02 13:45:00,SHORT,UNKNOWN,WIN,2.0,1,1.610000000000582,NORMAL,2.0
2026-01-05 07:10:00,2026-01-05 07:45:00,2026-01-05 08:00:00,SHORT,UNKNOWN,LOSS,-1.0,3,2.715000000000145,NORMAL,-1.05
2026-01-05 12:35:00,2026-01-05 13:20:00,2026-01-05 13:25:00,SHORT,UNKNOWN,WIN,2.0,1,1.480000000000473,NORMAL,2.0
2026-01-05 20:55:00,2026-01-05 21:25:00,2026-01-05 21:55:00,SHORT,UNKNOWN,WIN,2.0,6,2.949999999999818,NORMAL,2.0
2026-01-06 07:00:00,2026-01-06 09:00:00,2026-01-06 09:05:00,SHORT,UNKNOWN,WIN,2.0,1,3.2950000000000728,NORMAL,2.0
2026-01-09 10:05:00,2026-01-09 11:10:00,2026-01-09 11:15:00,SHORT,UNKNOWN,LOSS,-1.0,1,1.0100000000002185,NORMAL,-1.05
2026-01-09 14:00:00,2026-01-09 15:00:00,2026-01-09 15:20:00,SHORT,UNKNOWN,WIN,2.0,4,5.859999999999673,NORMAL,2.0
2026-01-13 03:05:00,2026-01-13 03:40:00,2026-01-13 03:45:00,SHORT,UNKNOWN,WIN,2.0,1,2.155000000000655,HIGH,2.0
2026-01-13 07:25:00,2026-01-13 07:40:00,2026-01-13 08:20:00,SHORT,UNKNOWN,WIN,2.0,8,4.7150000000001455,NORMAL,2.0
2026-01-13 07:25:00,2026-01-13 07:40:00,2026-01-13 08:20:00,SHORT,UNKNOWN,WIN,2.0,8,4.7150000000001455,NORMAL,2.0
2026-01-13 09:30:00,2026-01-13 09:55:00,2026-01-13 10:05:00,SHORT,UNKNOWN,LOSS,-1.0,2,3.074999999999818,NORMAL,-1.05
2026-01-13 16:40:00,2026-01-13 17:45:00,2026-01-13 17:50:00,SHORT,UNKNOWN,WIN,2.0,1,3.355000000000473,HIGH,2.0
2026-01-14 07:30:00,2026-01-14 08:10:00,2026-01-14 08:15:00,SHORT,UNKNOWN,WIN,2.0,1,2.324999999999818,NORMAL,2.0
2026-01-14 14:55:00,2026-01-14 15:20:00,2026-01-14 15:25:00,SHORT,UNKNOWN,WIN,2.0,1,4.100000000000364,NORMAL,2.0
2026-01-15 13:30:00,2026-01-15 13:50:00,2026-01-15 14:10:00,SHORT,UNKNOWN,WIN,2.0,4,2.75,NORMAL,2.0
2026-01-16 02:20:00,2026-01-16 03:25:00,2026-01-16 03:30:00,SHORT,UNKNOWN,WIN,2.0,1,0.9099999999998544,NORMAL,2.0
2026-01-16 06:55:00,2026-01-16 07:20:00,2026-01-16 07:30:00,SHORT,UNKNOWN,LOSS,-1.0,2,1.555000000000291,NORMAL,-1.05
2026-01-21 13:15:00,2026-01-21 13:50:00,2026-01-21 13:55:00,SHORT,UNKNOWN,LOSS,-1.0,1,2.0800000000008367,NORMAL,-1.05
2026-01-21 15:10:00,2026-01-21 16:35:00,2026-01-21 16:40:00,SHORT,UNKNOWN,WIN,2.0,1,5.184999999999491,HIGH,2.0
2026-01-23 02:55:00,2026-01-23 03:10:00,2026-01-23 05:15:00,SHORT,UNKNOWN,WIN,2.0,25,8.25500000000011,HIGH,2.0
2026-01-26 18:00:00,2026-01-26 18:40:00,2026-01-26 19:45:00,SHORT,UNKNOWN,LOSS,-1.0,13,13.570000000000618,HIGH,-1.15
2026-01-28 15:00:00,2026-01-28 16:35:00,2026-01-28 16:40:00,SHORT,UNKNOWN,LOSS,-1.0,1,5.255000000000109,HIGH,-1.15
2026-01-28 16:55:00,2026-01-28 17:20:00,2026-01-28 18:55:00,SHORT,UNKNOWN,LOSS,-1.0,19,13.88000000000011,HIGH,-1.15
2026-01-30 23:50:00,2026-02-02 01:05:00,2026-02-02 01:15:00,SHORT,UNKNOWN,WIN,2.0,2,64.97999999999956,HIGH,2.0
2026-02-03 10:40:00,2026-02-03 11:35:00,2026-02-03 11:45:00,SHORT,UNKNOWN,LOSS,-1.0,2,5.664999999999964,HIGH,-1.15
2026-02-04 01:00:00,2026-02-04 01:10:00,2026-02-04 02:10:00,SHORT,UNKNOWN,LOSS,-1.0,12,19.36499999999978,HIGH,-1.15
2026-02-04 07:40:00,2026-02-04 08:30:00,2026-02-04 08:40:00,SHORT,UNKNOWN,LOSS,-1.0,2,8.669999999999163,HIGH,-1.15
2026-02-04 07:40:00,2026-02-04 08:45:00,2026-02-04 09:00:00,SHORT,UNKNOWN,WIN,2.0,3,4.019999999999527,HIGH,2.0
2026-02-04 15:50:00,2026-02-04 16:30:00,2026-02-04 16:35:00,SHORT,UNKNOWN,WIN,2.0,1,6.279999999999745,HIGH,2.0
2026-02-05 13:20:00,2026-02-05 14:35:00,2026-02-05 14:40:00,SHORT,UNKNOWN,WIN,2.0,1,3.6099999999996726,HIGH,2.0
2026-02-09 15:05:00,2026-02-09 15:30:00,2026-02-09 15:40:00,SHORT,UNKNOWN,WIN,2.0,2,8.265000000000327,HIGH,2.0
2026-02-09 22:20:00,2026-02-10 01:00:00,2026-02-10 01:05:00,SHORT,UNKNOWN,WIN,2.0,1,3.25,HIGH,2.0
2026-02-10 22:45:00,2026-02-10 23:25:00,2026-02-10 23:40:00,SHORT,UNKNOWN,WIN,2.0,3,2.1549999999997453,NORMAL,2.0
2026-02-11 15:25:00,2026-02-11 15:55:00,2026-02-11 16:00:00,SHORT,UNKNOWN,WIN,2.0,1,6.235000000000582,HIGH,2.0
2026-02-12 14:35:00,2026-02-12 15:05:00,2026-02-12 15:15:00,SHORT,UNKNOWN,LOSS,-1.0,2,3.0599999999994907,NORMAL,-1.05
2026-02-13 07:20:00,2026-02-13 07:35:00,2026-02-13 07:40:00,SHORT,UNKNOWN,WIN,2.0,1,5.480000000000473,HIGH,2.0
2026-02-13 12:10:00,2026-02-13 12:50:00,2026-02-13 12:55:00,SHORT,UNKNOWN,WIN,2.0,1,7.144999999999527,HIGH,2.0
2026-02-16 19:15:00,2026-02-16 20:05:00,2026-02-16 20:10:00,SHORT,UNKNOWN,LOSS,-1.0,1,1.4549999999999272,NORMAL,-1.05
2026-02-24 13:40:00,2026-02-24 14:05:00,2026-02-24 14:10:00,SHORT,UNKNOWN,WIN,2.0,1,1.7650000000003274,NORMAL,2.0
2026-02-27 11:45:00,2026-02-27 12:15:00,2026-02-27 12:25:00,SHORT,UNKNOWN,WIN,2.0,2,1.8950000000004368,NORMAL,2.0
2026-03-06 01:40:00,2026-03-06 02:05:00,2026-03-06 02:15:00,SHORT,UNKNOWN,WIN,2.0,2,7.085000000000036,HIGH,2.0
2026-03-09 10:00:00,2026-03-09 10:30:00,2026-03-09 10:45:00,SHORT,UNKNOWN,WIN,2.0,3,5.8400000000001455,HIGH,2.0
2026-03-09 16:40:00,2026-03-09 17:10:00,2026-03-09 17:20:00,SHORT,UNKNOWN,LOSS,-1.0,2,5.130000000000109,HIGH,-1.15
2026-03-11 14:15:00,2026-03-11 14:55:00,2026-03-11 15:00:00,SHORT,UNKNOWN,WIN,2.0,1,3.569999999999709,HIGH,2.0
2026-03-13 12:15:00,2026-03-13 12:35:00,2026-03-13 12:45:00,SHORT,UNKNOWN,LOSS,-1.0,2,3.2299999999995634,NORMAL,-1.05
2026-03-13 14:45:00,2026-03-13 15:40:00,2026-03-13 15:45:00,SHORT,UNKNOWN,LOSS,-1.0,1,1.875,HIGH,-1.15
2026-03-16 00:05:00,2026-03-16 00:30:00,2026-03-16 01:00:00,SHORT,UNKNOWN,WIN,2.0,6,7.360000000000582,HIGH,2.0
2026-03-16 00:45:00,2026-03-16 01:05:00,2026-03-16 01:15:00,SHORT,UNKNOWN,WIN,2.0,2,7.740000000000691,HIGH,2.0
2026-03-17 15:40:00,2026-03-17 16:35:00,2026-03-17 17:25:00,SHORT,UNKNOWN,WIN,2.0,10,5.230000000000473,HIGH,2.0
2026-03-24 12:55:00,2026-03-24 13:10:00,2026-03-24 13:15:00,SHORT,UNKNOWN,WIN,2.0,1,11.225000000000364,HIGH,2.0
2026-03-31 14:20:00,2026-03-31 15:15:00,2026-03-31 16:50:00,SHORT,UNKNOWN,LOSS,-1.0,19,10.420000000000073,HIGH,-1.15
2026-04-06 21:10:00,2026-04-06 21:40:00,2026-04-07 01:05:00,SHORT,UNKNOWN,LOSS,-1.0,17,7.244999999999891,NORMAL,-1.05
2026-04-07 03:45:00,2026-04-07 04:10:00,2026-04-07 04:30:00,SHORT,UNKNOWN,LOSS,-1.0,4,16.784999999999854,HIGH,-1.15
2026-04-09 07:40:00,2026-04-09 08:15:00,2026-04-09 08:25:00,SHORT,UNKNOWN,LOSS,-1.0,2,4.984999999999673,NORMAL,-1.05
2026-04-09 08:25:00,2026-04-09 09:00:00,2026-04-09 09:05:00,SHORT,UNKNOWN,LOSS,-1.0,1,2.6950000000006185,HIGH,-1.15
2026-04-09 20:40:00,2026-04-09 21:15:00,2026-04-09 21:30:00,SHORT,UNKNOWN,WIN,2.0,3,4.444999999999709,HIGH,2.0
2026-04-10 12:15:00,2026-04-10 13:15:00,2026-04-10 13:20:00,SHORT,UNKNOWN,LOSS,-1.0,1,1.9950000000008004,NORMAL,-1.05
2026-04-10 20:10:00,2026-04-10 21:10:00,2026-04-10 21:15:00,SHORT,UNKNOWN,LOSS,-1.0,1,2.774999999999636,NORMAL,-1.05
2026-04-15 08:15:00,2026-04-15 08:55:00,2026-04-15 09:05:00,SHORT,UNKNOWN,WIN,2.0,2,3.2200000000002547,NORMAL,2.0
2026-04-22 12:40:00,2026-04-22 13:15:00,2026-04-22 13:20:00,SHORT,UNKNOWN,WIN,2.0,1,2.165000000000873,NORMAL,2.0
2026-04-22 15:25:00,2026-04-22 16:00:00,2026-04-22 16:05:00,SHORT,UNKNOWN,WIN,2.0,1,6.494999999999891,NORMAL,2.0
2026-04-24 04:00:00,2026-04-24 04:35:00,2026-04-24 05:20:00,SHORT,UNKNOWN,WIN,2.0,9,7.079999999999927,HIGH,2.0
2026-04-27 15:15:00,2026-04-27 15:45:00,2026-04-27 16:00:00,SHORT,UNKNOWN,WIN,2.0,3,5.75,NORMAL,2.0
2026-05-01 02:30:00,2026-05-01 03:05:00,2026-05-01 03:10:00,SHORT,UNKNOWN,WIN,2.0,1,1.6199999999998909,NORMAL,2.0
2026-05-05 08:30:00,2026-05-05 09:30:00,2026-05-05 09:35:00,SHORT,UNKNOWN,LOSS,-1.0,1,1.985000000000582,NORMAL,-1.05
2026-05-05 10:00:00,2026-05-05 11:00:00,2026-05-05 11:55:00,SHORT,UNKNOWN,LOSS,-1.0,11,4.699999999999818,NORMAL,-1.05
2026-05-07 04:40:00,2026-05-07 05:35:00,2026-05-07 05:55:00,SHORT,UNKNOWN,LOSS,-1.0,4,2.449999999999818,NORMAL,-1.05
2026-05-11 08:30:00,2026-05-11 09:15:00,2026-05-11 09:20:00,SHORT,UNKNOWN,WIN,2.0,1,4.295000000000073,HIGH,2.0
2026-05-12 02:50:00,2026-05-12 03:35:00,2026-05-12 03:50:00,SHORT,UNKNOWN,WIN,2.0,3,3.395000000000437,HIGH,2.0
2026-05-12 13:05:00,2026-05-12 14:25:00,2026-05-12 14:30:00,SHORT,UNKNOWN,WIN,2.0,1,1.819999999999709,NORMAL,2.0
2026-05-12 15:45:00,2026-05-12 16:20:00,2026-05-12 16:55:00,SHORT,UNKNOWN,WIN,2.0,7,10.510000000000218,HIGH,2.0
2026-05-14 10:25:00,2026-05-14 11:00:00,2026-05-14 16:30:00,SHORT,UNKNOWN,WIN,2.0,66,11.890000000000327,HIGH,2.0
2026-05-15 12:05:00,2026-05-15 12:20:00,2026-05-15 12:35:00,SHORT,UNKNOWN,WIN,2.0,3,4.144999999999527,HIGH,2.0
2026-05-15 12:05:00,2026-05-15 12:55:00,2026-05-15 13:05:00,SHORT,UNKNOWN,LOSS,-1.0,2,4.914999999999964,HIGH,-1.15
2026-05-15 16:25:00,2026-05-15 16:55:00,2026-05-15 17:00:00,SHORT,UNKNOWN,WIN,2.0,1,8.204999999999927,HIGH,2.0
2026-05-18 11:45:00,2026-05-18 12:15:00,2026-05-18 12:30:00,SHORT,UNKNOWN,WIN,2.0,3,4.479999999999563,NORMAL,2.0
2026-05-19 03:00:00,2026-05-19 03:40:00,2026-05-19 03:45:00,SHORT,UNKNOWN,WIN,2.0,1,1.9099999999998545,NORMAL,2.0
2026-05-19 10:55:00,2026-05-19 11:30:00,2026-05-19 11:45:00,SHORT,UNKNOWN,LOSS,-1.0,3,2.680000000000291,HIGH,-1.15
2026-05-20 16:10:00,2026-05-20 17:15:00,2026-05-20 17:20:00,SHORT,UNKNOWN,LOSS,-1.0,1,6.130000000000109,HIGH,-1.15
2026-05-22 08:35:00,2026-05-22 09:20:00,2026-05-22 10:35:00,SHORT,UNKNOWN,WIN,2.0,15,4.4950000000008,NORMAL,2.0
2026-05-22 15:10:00,2026-05-22 15:40:00,2026-05-22 16:40:00,SHORT,UNKNOWN,WIN,2.0,12,8.175000000000182,NORMAL,2.0
2026-05-22 19:25:00,2026-05-22 20:00:00,2026-05-22 20:20:00,SHORT,UNKNOWN,WIN,2.0,4,3.630000000000109,NORMAL,2.0
2026-05-26 16:20:00,2026-05-26 17:30:00,2026-05-26 17:50:00,SHORT,UNKNOWN,WIN,2.0,4,5.039999999999964,HIGH,2.0
2026-05-26 22:40:00,2026-05-27 01:35:00,2026-05-27 01:55:00,SHORT,UNKNOWN,LOSS,-1.0,4,4.440000000000509,HIGH,-1.15
2026-06-02 21:25:00,2026-06-02 21:45:00,2026-06-03 01:00:00,SHORT,UNKNOWN,LOSS,-1.0,15,3.2349999999996726,NORMAL,-1.05
2026-06-05 04:00:00,2026-06-05 04:40:00,2026-06-05 04:45:00,SHORT,UNKNOWN,WIN,2.0,1,5.114999999999782,HIGH,2.0
2026-06-08 10:20:00,2026-06-08 11:15:00,2026-06-08 11:25:00,SHORT,UNKNOWN,WIN,2.0,2,3.2349999999996726,HIGH,2.0
2026-06-08 16:30:00,2026-06-08 17:45:00,2026-06-08 17:50:00,SHORT,UNKNOWN,WIN,2.0,1,5.390000000000327,HIGH,2.0
2026-06-08 16:30:00,2026-06-08 17:45:00,2026-06-08 17:50:00,SHORT,UNKNOWN,WIN,2.0,1,5.390000000000327,HIGH,2.0
2026-06-11 19:10:00,2026-06-11 20:20:00,2026-06-11 20:25:00,SHORT,UNKNOWN,LOSS,-1.0,1,1.5,HIGH,-1.15
2026-06-26 13:20:00,2026-06-26 14:00:00,2026-06-26 14:15:00,LONG,UNKNOWN,LOSS,-1.0,3,3.724999999999909,NORMAL,-1.05
2026-06-26 13:20:00,2026-06-26 13:35:00,2026-06-26 15:20:00,LONG,UNKNOWN,LOSS,-1.0,21,4.635000000000218,NORMAL,-1.05
2026-06-26 15:20:00,2026-06-26 16:05:00,2026-06-26 16:20:00,LONG,UNKNOWN,WIN,2.0,3,6.755000000000109,HIGH,2.0
2026-06-26 18:05:00,2026-06-26 18:50:00,2026-06-26 19:00:00,LONG,UNKNOWN,WIN,2.0,2,3.3850000000002183,HIGH,2.0
2026-07-02 08:30:00,2026-07-02 09:30:00,2026-07-02 09:40:00,LONG,UNKNOWN,LOSS,-1.0,2,2.819999999999709,NORMAL,-1.05
2026-07-06 16:20:00,2026-07-06 17:10:00,2026-07-06 17:15:00,SHORT,UNKNOWN,WIN,2.0,1,4.099999999999454,HIGH,2.0
2026-07-07 11:10:00,2026-07-07 13:05:00,2026-07-07 13:25:00,SHORT,UNKNOWN,LOSS,-1.0,4,2.3549999999995634,NORMAL,-1.05
2026-07-13 21:45:00,2026-07-13 22:40:00,2026-07-13 22:50:00,SHORT,UNKNOWN,LOSS,-1.0,2,1.6000000000003638,NORMAL,-1.05
2026-07-14 12:10:00,2026-07-14 12:35:00,2026-07-14 12:45:00,SHORT,UNKNOWN,LOSS,-1.0,2,4.049999999999727,NORMAL,-1.05
2026-07-23 13:50:00,2026-07-23 14:50:00,2026-07-23 14:55:00,SHORT,UNKNOWN,WIN,2.0,1,3.525000000000091,NORMAL,2.0
2026-07-27 08:45:00,2026-07-27 09:30:00,2026-07-27 09:35:00,LONG,UNKNOWN,WIN,2.0,1,1.7149999999996908,NORMAL,2.0
2026-07-28 11:00:00,2026-07-28 11:55:00,2026-07-28 12:25:00,SHORT,UNKNOWN,WIN,2.0,6,2.1599999999998545,NORMAL,2.0
2026-07-30 18:10:00,2026-07-30 20:25:00,2026-07-30 20:30:00,LONG,UNKNOWN,WIN,2.0,1,1.464999999999236,NORMAL,2.0
2026-08-07 07:40:00,2026-08-07 08:20:00,2026-08-07 08:25:00,LONG,UNKNOWN,LOSS,-1.0,1,1.190000000000509,NORMAL,-1.05
2026-08-07 07:40:00,2026-08-07 08:40:00,2026-08-07 08:45:00,LONG,UNKNOWN,WIN,2.0,1,2.520000000000437,NORMAL,2.0
2026-08-11 04:00:00,2026-08-11 04:35:00,2026-08-11 04:45:00,LONG,UNKNOWN,WIN,2.0,2,3.2999999999992724,HIGH,2.0
2026-08-11 04:00:00,2026-08-11 05:05:00,2026-08-11 05:10:00,LONG,UNKNOWN,WIN,2.0,1,3.75,HIGH,2.0
2026-08-12 15:00:00,2026-08-12 15:35:00,2026-08-13 01:00:00,LONG,UNKNOWN,LOSS,-1.0,89,25.044999999999163,HIGH,-1.15
2026-08-13 14:10:00,2026-08-13 14:30:00,2026-08-13 14:40:00,SHORT,UNKNOWN,WIN,2.0,2,2.7600000000002183,NORMAL,2.0
2026-08-17 12:45:00,2026-08-17 13:30:00,2026-08-17 14:05:00,LONG,UNKNOWN,WIN,2.0,7,2.520000000000437,NORMAL,2.0
2026-08-20 06:10:00,2026-08-20 07:00:00,2026-08-20 07:20:00,LONG,UNKNOWN,LOSS,-1.0,4,1.6649999999999636,NORMAL,-1.05
2026-08-24 08:30:00,2026-08-24 09:25:00,2026-08-24 09:30:00,LONG,UNKNOWN,WIN,2.0,1,3.4000000000005457,HIGH,2.0
2026-08-24 13:45:00,2026-08-24 15:30:00,2026-08-24 15:35:00,LONG,UNKNOWN,WIN,2.0,1,2.715000000000145,HIGH,2.0
2026-08-24 15:30:00,2026-08-24 16:35:00,2026-08-24 16:40:00,LONG,UNKNOWN,LOSS,-1.0,1,2.925000000000182,HIGH,-1.15
2026-08-26 01:00:00,2026-08-26 02:20:00,2026-08-26 02:40:00,LONG,UNKNOWN,LOSS,-1.0,4,1.7700000000004366,NORMAL,-1.05
2026-08-28 08:25:00,2026-08-28 09:05:00,2026-08-28 09:15:00,SHORT,UNKNOWN,LOSS,-1.0,2,3.134999999999309,NORMAL,-1.05
2026-08-28 15:20:00,2026-08-28 15:45:00,2026-08-28 16:05:00,SHORT,UNKNOWN,LOSS,-1.0,4,4.829999999999927,NORMAL,-1.05
2026-09-01 14:45:00,2026-09-01 15:25:00,2026-09-01 15:30:00,SHORT,UNKNOWN,WIN,2.0,1,5.735000000000582,NORMAL,2.0
2026-09-04 03:45:00,2026-09-04 04:35:00,2026-09-04 04:40:00,SHORT,UNKNOWN,WIN,2.0,1,2.319999999999709,NORMAL,2.0
2026-09-10 07:40:00,2026-09-10 09:20:00,2026-09-10 09:25:00,LONG,UNKNOWN,WIN,2.0,1,2.2799999999997453,NORMAL,2.0
2026-09-14 04:00:00,2026-09-14 04:50:00,2026-09-14 04:55:00,LONG,UNKNOWN,WIN,2.0,1,4.734999999999673,HIGH,2.0
2026-09-15 16:50:00,2026-09-15 18:55:00,2026-09-15 19:00:00,SHORT,UNKNOWN,WIN,2.0,1,3.3200000000006185,NORMAL,2.0
2026-09-17 07:45:00,2026-09-17 08:30:00,2026-09-17 08:45:00,SHORT,UNKNOWN,LOSS,-1.0,3,4.409999999999855,NORMAL,-1.05
