setup_time,entry_time,exit_time,direction,session,status,r,bars_held,initial_risk
2025-06-03 08:25:00,2025-06-03 09:05:00,2025-06-03 09:40:00,LONG,UNKNOWN,LOSS,-1.0,7,3.0450000000000728
2025-06-03 22:00:00,2025-06-03 23:00:00,2025-06-04 01:00:00,SHORT,UNKNOWN,LOSS,-1.0,12,1.3400000000001455
2025-06-04 22:40:00,2025-06-04 23:45:00,2025-06-05 01:25:00,LONG,UNKNOWN,WIN,2.0,8,1.180000000000291
2025-06-05 03:40:00,2025-06-05 04:10:00,2025-06-05 04:35:00,LONG,UNKNOWN,LOSS,-1.0,5,4.174999999999727
2025-06-05 04:00:00,2025-06-05 04:35:00,2025-06-05 04:40:00,SHORT,UNKNOWN,WIN,2.0,1,1.5399999999999636
2025-06-05 04:00:00,2025-06-05 05:05:00,2025-06-05 05:10:00,SHORT,UNKNOWN,WIN,2.0,1,1.5399999999999636
2025-06-06 10:45:00,2025-06-06 12:05:00,2025-06-06 12:20:00,LONG,UNKNOWN,LOSS,-1.0,3,1.3949999999999818
2025-06-09 02:55:00,2025-06-09 03:55:00,2025-06-09 04:00:00,SHORT,UNKNOWN,WIN,2.0,1,3.5399999999999636
2025-06-09 16:20:00,2025-06-09 17:20:00,2025-06-09 17:35:00,LONG,UNKNOWN,LOSS,-1.0,3,1.6849999999999454
2025-06-09 16:20:00,2025-06-09 17:20:00,2025-06-09 17:35:00,LONG,UNKNOWN,LOSS,-1.0,3,1.6849999999999454
2025-06-11 02:20:00,2025-06-11 03:00:00,2025-06-11 03:05:00,LONG,UNKNOWN,WIN,2.0,1,0.7850000000003092
2025-06-11 08:00:00,2025-06-11 08:55:00,2025-06-11 09:00:00,SHORT,UNKNOWN,WIN,2.0,1,1.3600000000001273
2025-06-11 13:15:00,2025-06-11 13:45:00,2025-06-11 13:55:00,SHORT,UNKNOWN,WIN,2.0,2,1.5399999999999636
2025-06-12 01:55:00,2025-06-12 02:55:00,2025-06-12 03:00:00,SHORT,UNKNOWN,LOSS,-1.0,1,0.9200000000000728
2025-06-13 09:35:00,2025-06-13 11:10:00,2025-06-13 13:15:00,SHORT,UNKNOWN,WIN,2.0,25,3.4200000000000728
2025-06-16 12:10:00,2025-06-16 13:30:00,2025-06-16 13:40:00,SHORT,UNKNOWN,LOSS,-1.0,2,1.0599999999999454
2025-06-16 13:15:00,2025-06-16 14:00:00,2025-06-16 14:05:00,LONG,UNKNOWN,WIN,2.0,1,0.680000000000291
2025-06-16 16:05:00,2025-06-16 16:40:00,2025-06-16 16:45:00,SHORT,UNKNOWN,WIN,2.0,1,2.144999999999982
2025-06-17 06:10:00,2025-06-17 07:00:00,2025-06-17 07:05:00,LONG,UNKNOWN,WIN,2.0,1,2.0100000000002183
2025-06-18 04:30:00,2025-06-18 04:50:00,2025-06-18 04:55:00,SHORT,UNKNOWN,WIN,2.0,1,2.4149999999999636
2025-06-19 16:25:00,2025-06-19 17:10:00,2025-06-19 17:15:00,LONG,UNKNOWN,WIN,2.0,1,2.2199999999998
2025-06-19 21:10:00,2025-06-20 02:15:00,2025-06-20 02:30:00,SHORT,UNKNOWN,WIN,2.0,3,1.3800000000001091
2025-06-20 23:10:00,2025-06-23 01:05:00,2025-06-23 01:10:00,LONG,UNKNOWN,LOSS,-1.0,1,4.470000000000255
2025-06-25 07:30:00,2025-06-25 08:20:00,2025-06-25 08:25:00,LONG,UNKNOWN,WIN,2.0,1,0.8150000000000546
2025-06-25 10:00:00,2025-06-25 10:20:00,2025-06-25 10:25:00,SHORT,UNKNOWN,LOSS,-1.0,1,1.699999999999818
2025-06-25 10:05:00,2025-06-25 10:30:00,2025-06-25 11:15:00,LONG,UNKNOWN,LOSS,-1.0,9,3.5850000000000364
2025-06-26 15:25:00,2025-06-26 15:50:00,2025-06-26 15:55:00,SHORT,UNKNOWN,WIN,2.0,1,2.430000000000291
2025-06-27 08:10:00,2025-06-27 08:30:00,2025-06-27 08:35:00,LONG,UNKNOWN,WIN,2.0,1,1.5050000000001091
2025-06-30 19:50:00,2025-06-30 20:55:00,2025-06-30 21:00:00,SHORT,UNKNOWN,WIN,2.0,1,0.7300000000000182
2025-06-30 22:55:00,2025-07-01 01:25:00,2025-07-01 01:30:00,SHORT,UNKNOWN,WIN,2.0,1,0.6600000000003092
2025-07-02 02:50:00,2025-07-02 03:25:00,2025-07-02 04:00:00,LONG,UNKNOWN,WIN,2.0,7,2.0399999999999636
2025-07-09 08:05:00,2025-07-09 09:00:00,2025-07-09 09:05:00,SHORT,UNKNOWN,WIN,2.0,1,0.6749999999997272
2025-07-09 20:10:00,2025-07-09 21:05:00,2025-07-09 21:10:00,SHORT,UNKNOWN,WIN,2.0,1,0.5950000000002547
2025-07-10 11:50:00,2025-07-10 13:50:00,2025-07-10 13:55:00,SHORT,UNKNOWN,WIN,2.0,1,0.9800000000000182
2025-07-11 01:00:00,2025-07-11 01:55:00,2025-07-11 02:00:00,SHORT,UNKNOWN,WIN,2.0,1,0.6850000000004002
2025-07-15 21:20:00,2025-07-15 21:55:00,2025-07-15 22:55:00,LONG,UNKNOWN,WIN,2.0,12,1.7300000000000182
2025-07-16 04:15:00,2025-07-16 06:20:00,2025-07-16 06:25:00,SHORT,UNKNOWN,LOSS,-1.0,1,1.0050000000001091
2025-07-16 15:05:00,2025-07-16 15:50:00,2025-07-16 16:15:00,SHORT,UNKNOWN,LOSS,-1.0,5,3.1700000000000728
2025-07-17 12:20:00,2025-07-17 13:00:00,2025-07-17 13:05:00,SHORT,UNKNOWN,WIN,2.0,1,0.5450000000000728
2025-07-18 04:35:00,2025-07-18 05:45:00,2025-07-18 05:50:00,LONG,UNKNOWN,WIN,2.0,1,0.6700000000000728
2025-07-18 12:35:00,2025-07-18 13:10:00,2025-07-18 14:35:00,SHORT,UNKNOWN,LOSS,-1.0,17,2.2100000000000364
2025-07-23 01:30:00,2025-07-23 02:15:00,2025-07-23 02:25:00,LONG,UNKNOWN,WIN,2.0,2,0.9099999999998545
2025-09-01 01:05:00,2025-09-01 02:35:00,2025-09-01 02:50:00,LONG,UNKNOWN,WIN,2.0,3,1.7399999999997817
2025-09-02 14:25:00,2025-09-02 15:15:00,2025-09-02 15:35:00,LONG,UNKNOWN,LOSS,-1.0,4,3.3599999999996726
2025-09-04 03:05:00,2025-09-04 04:00:00,2025-09-04 04:15:00,LONG,UNKNOWN,LOSS,-1.0,3,1.794999999999618
2025-09-04 12:55:00,2025-09-04 13:20:00,2025-09-04 14:05:00,LONG,UNKNOWN,LOSS,-1.0,9,1.849999999999909
2025-09-04 14:05:00,2025-09-04 14:50:00,2025-09-04 14:55:00,LONG,UNKNOWN,LOSS,-1.0,1,0.9650000000001455
2025-09-04 16:05:00,2025-09-04 16:35:00,2025-09-04 16:40:00,LONG,UNKNOWN,LOSS,-1.0,1,1.1199999999998909
2025-09-04 16:25:00,2025-09-04 17:10:00,2025-09-04 17:15:00,SHORT,UNKNOWN,WIN,2.0,1,2.4900000000002365
2025-09-05 01:45:00,2025-09-05 02:20:00,2025-09-05 02:25:00,LONG,UNKNOWN,WIN,2.0,1,0.7549999999996544
2025-09-05 14:50:00,2025-09-05 15:00:00,2025-09-05 15:05:00,LONG,UNKNOWN,WIN,2.0,1,1.9049999999997453
2025-09-05 22:45:00,2025-09-05 23:10:00,2025-09-05 23:50:00,SHORT,UNKNOWN,WIN,4.912790697674114,8,0.8600000000001273
2025-09-09 01:30:00,2025-09-09 02:10:00,2025-09-09 02:15:00,LONG,UNKNOWN,LOSS,-1.0,1,0.8400000000001455
2025-09-09 14:55:00,2025-09-09 15:15:00,2025-09-09 15:35:00,LONG,UNKNOWN,LOSS,-1.0,4,3.4149999999999636
2025-09-10 08:25:00,2025-09-10 08:40:00,2025-09-10 08:45:00,SHORT,UNKNOWN,WIN,2.0,1,1.2850000000003092
2025-09-10 08:35:00,2025-09-10 09:30:00,2025-09-10 09:40:00,LONG,UNKNOWN,LOSS,-1.0,2,1.1199999999998909
2025-09-10 13:35:00,2025-09-10 14:05:00,2025-09-10 14:30:00,SHORT,UNKNOWN,WIN,2.0,5,1.4249999999997272
2025-09-10 15:30:00,2025-09-10 16:00:00,2025-09-10 16:05:00,SHORT,UNKNOWN,WIN,2.0,1,2.2350000000001273
2025-09-11 15:30:00,2025-09-11 16:20:00,2025-09-11 16:25:00,SHORT,UNKNOWN,WIN,2.0,1,4.184999999999945
2025-09-11 21:05:00,2025-09-11 22:05:00,2025-09-11 22:10:00,SHORT,UNKNOWN,WIN,2.0,1,0.9549999999999272
2025-09-11 22:35:00,2025-09-12 01:00:00,2025-09-12 01:05:00,SHORT,UNKNOWN,LOSS,-1.0,1,0.3649999999997817
2025-09-11 23:25:00,2025-09-12 01:15:00,2025-09-12 01:20:00,LONG,UNKNOWN,WIN,2.0,1,0.46499999999969077
2025-09-16 14:00:00,2025-09-16 15:15:00,2025-09-16 15:20:00,LONG,UNKNOWN,WIN,2.0,1,1.5450000000000728
2025-09-16 14:45:00,2025-09-16 15:40:00,2025-09-16 16:00:00,SHORT,UNKNOWN,WIN,2.0,4,1.9349999999999454
2025-09-16 17:15:00,2025-09-16 18:20:00,2025-09-16 18:25:00,SHORT,UNKNOWN,WIN,2.0,1,1.5349999999998545
2025-09-16 18:30:00,2025-09-16 19:40:00,2025-09-16 19:45:00,LONG,UNKNOWN,WIN,2.0,1,1.1449999999999818
2025-09-17 05:35:00,2025-09-17 06:00:00,2025-09-17 08:00:00,LONG,UNKNOWN,WIN,2.0,24,2.769999999999982
2025-09-17 08:00:00,2025-09-17 08:25:00,2025-09-17 08:35:00,SHORT,UNKNOWN,WIN,2.0,2,2.1900000000000546
2025-09-17 13:00:00,2025-09-17 14:10:00,2025-09-17 14:15:00,SHORT,UNKNOWN,WIN,2.0,1,0.9600000000000364
2025-09-22 05:45:00,2025-09-22 07:20:00,2025-09-22 07:45:00,LONG,UNKNOWN,WIN,2.0,5,1.0300000000002
2025-09-23 04:40:00,2025-09-23 05:10:00,2025-09-23 05:15:00,SHORT,UNKNOWN,WIN,2.0,1,5.360000000000127
2025-09-23 16:40:00,2025-09-23 17:15:00,2025-09-23 17:20:00,SHORT,UNKNOWN,WIN,4.306722689075433,1,1.1900000000000546
2025-09-25 12:25:00,2025-09-25 12:55:00,2025-09-25 13:50:00,LONG,UNKNOWN,WIN,2.0,11,3.2599999999997635
2025-09-26 02:10:00,2025-09-26 03:05:00,2025-09-26 03:10:00,LONG,UNKNOWN,WIN,2.0,1,1.7150000000001455
2025-09-26 04:05:00,2025-09-26 05:00:00,2025-09-26 05:10:00,SHORT,UNKNOWN,WIN,2.0,2,1.4650000000001455
2025-09-26 08:15:00,2025-09-26 08:40:00,2025-09-26 08:45:00,LONG,UNKNOWN,WIN,2.0,1,1.055000000000291
2025-09-26 08:35:00,2025-09-26 09:05:00,2025-09-26 09:10:00,SHORT,UNKNOWN,LOSS,-1.0,1,1.7950000000000728
2025-09-26 08:50:00,2025-09-26 09:35:00,2025-09-26 10:00:00,LONG,UNKNOWN,LOSS,-1.0,5,3.8449999999998
2025-09-26 09:10:00,2025-09-26 10:15:00,2025-09-26 10:20:00,SHORT,UNKNOWN,WIN,2.0,1,1.0050000000001091
2025-09-26 18:30:00,2025-09-26 19:30:00,2025-09-26 20:35:00,SHORT,UNKNOWN,LOSS,-1.0,13,2.644999999999982
2025-09-29 09:40:00,2025-09-29 11:10:00,2025-09-29 11:20:00,SHORT,UNKNOWN,WIN,2.0,2,2.0650000000000546
2025-09-29 22:05:00,2025-09-29 22:50:00,2025-09-29 23:10:00,LONG,UNKNOWN,WIN,2.0,4,1.5199999999999818
2025-09-30 05:00:00,2025-09-30 05:25:00,2025-09-30 05:45:00,SHORT,UNKNOWN,LOSS,-1.0,4,1.7849999999998545
2025-09-30 15:45:00,2025-09-30 16:25:00,2025-09-30 16:30:00,SHORT,UNKNOWN,LOSS,-1.0,1,2.6549999999997453
2025-09-30 20:15:00,2025-09-30 21:20:00,2025-09-30 21:25:00,SHORT,UNKNOWN,WIN,2.0,1,1.1599999999998545
2025-10-01 23:55:00,2025-10-02 01:10:00,2025-10-02 01:15:00,SHORT,UNKNOWN,WIN,2.0,1,1.2550000000001091
2025-10-02 09:10:00,2025-10-02 10:05:00,2025-10-02 10:15:00,SHORT,UNKNOWN,LOSS,-1.0,2,1.2950000000000728
2025-10-07 20:35:00,2025-10-07 21:10:00,2025-10-07 21:30:00,SHORT,UNKNOWN,WIN,2.0,4,2.0799999999999272
2025-10-08 16:10:00,2025-10-08 16:45:00,2025-10-08 16:50:00,SHORT,UNKNOWN,LOSS,-1.0,1,4.109999999999673
2025-10-10 01:00:00,2025-10-10 01:20:00,2025-10-10 01:25:00,SHORT,UNKNOWN,WIN,2.0,1,3.4149999999999636
2025-10-13 11:35:00,2025-10-13 12:10:00,2025-10-13 12:55:00,LONG,UNKNOWN,WIN,2.0,9,3.400000000000091
2025-10-13 22:00:00,2025-10-13 23:00:00,2025-10-13 23:05:00,LONG,UNKNOWN,WIN,2.0,1,2.0900000000001455
2025-10-13 23:45:00,2025-10-14 01:45:00,2025-10-14 01:50:00,SHORT,UNKNOWN,LOSS,-1.0,1,1.3999999999996362
2025-10-14 01:30:00,2025-10-14 02:20:00,2025-10-14 02:25:00,LONG,UNKNOWN,WIN,2.0,1,3.074999999999818
2025-10-15 02:50:00,2025-10-15 03:40:00,2025-10-15 03:45:00,SHORT,UNKNOWN,WIN,2.0,1,1.5900000000001455
2025-10-15 03:25:00,2025-10-15 05:30:00,2025-10-15 05:35:00,LONG,UNKNOWN,WIN,2.0,1,4.359999999999673
2025-10-15 15:15:00,2025-10-15 16:00:00,2025-10-15 16:10:00,LONG,UNKNOWN,WIN,2.0,2,3.100000000000364
2025-10-16 01:00:00,2025-10-16 01:15:00,2025-10-16 01:20:00,SHORT,UNKNOWN,LOSS,-1.0,1,2.9349999999994907
2025-10-16 01:10:00,2025-10-16 01:30:00,2025-10-16 03:15:00,LONG,UNKNOWN,WIN,2.0,21,4.539999999999964
2025-10-20 11:30:00,2025-10-20 11:55:00,2025-10-20 12:05:00,SHORT,UNKNOWN,WIN,2.0,2,3.444999999999709
2025-10-22 03:10:00,2025-10-22 04:40:00,2025-10-22 04:45:00,LONG,UNKNOWN,WIN,2.0,1,11.61999999999989
2025-10-22 08:15:00,2025-10-22 09:05:00,2025-10-22 09:30:00,SHORT,UNKNOWN,LOSS,-1.0,5,6.289999999999964
2025-10-27 05:35:00,2025-10-27 07:20:00,2025-10-27 07:25:00,SHORT,UNKNOWN,LOSS,-1.0,1,3.055000000000291
2025-10-28 02:20:00,2025-10-28 04:20:00,2025-10-28 04:30:00,LONG,UNKNOWN,WIN,2.0,2,2.980000000000018
2025-10-28 14:45:00,2025-10-28 15:20:00,2025-10-28 15:25:00,LONG,UNKNOWN,WIN,2.0,1,3.849999999999909
2025-10-31 06:05:00,2025-10-31 07:00:00,2025-10-31 07:05:00,LONG,UNKNOWN,LOSS,-1.0,1,1.1549999999997453
2025-10-31 11:15:00,2025-10-31 12:45:00,2025-10-31 13:00:00,LONG,UNKNOWN,WIN,2.0,3,2.6650000000004184
2025-10-31 13:05:00,2025-10-31 14:00:00,2025-10-31 14:10:00,LONG,UNKNOWN,WIN,2.0,2,2.0399999999999636
2025-11-04 13:50:00,2025-11-04 15:10:00,2025-11-04 15:15:00,SHORT,UNKNOWN,WIN,2.0,1,1.7999999999997272
2025-11-04 14:30:00,2025-11-04 15:15:00,2025-11-04 15:25:00,LONG,UNKNOWN,LOSS,-1.0,2,4.519999999999982
2025-11-04 18:15:00,2025-11-04 19:10:00,2025-11-04 19:20:00,SHORT,UNKNOWN,WIN,2.0,2,3.3899999999998727
2025-11-05 02:40:00,2025-11-05 03:50:00,2025-11-05 03:55:00,LONG,UNKNOWN,WIN,2.0,1,1.6700000000000728
2025-11-05 18:10:00,2025-11-05 19:05:00,2025-11-05 19:10:00,LONG,UNKNOWN,WIN,2.0,1,0.875
2025-11-07 06:50:00,2025-11-07 07:30:00,2025-11-07 07:35:00,SHORT,UNKNOWN,WIN,2.0,1,1.1649999999999636
2025-11-07 13:00:00,2025-11-07 13:25:00,2025-11-07 13:30:00,SHORT,UNKNOWN,WIN,2.0,1,2.600000000000364
2025-11-07 13:00:00,2025-11-07 14:05:00,2025-11-07 14:10:00,SHORT,UNKNOWN,WIN,2.0,1,2.230000000000018
2025-11-07 16:10:00,2025-11-07 17:00:00,2025-11-07 17:15:00,SHORT,UNKNOWN,WIN,2.0,3,5.144999999999982
2025-11-07 17:40:00,2025-11-07 19:15:00,2025-11-07 19:20:00,LONG,UNKNOWN,WIN,2.0,1,0.9099999999998545
2025-11-10 12:35:00,2025-11-10 12:50:00,2025-11-10 13:35:00,SHORT,UNKNOWN,LOSS,-1.0,9,2.5649999999996
2025-11-11 04:30:00,2025-11-11 04:45:00,2025-11-11 05:05:00,LONG,UNKNOWN,WIN,2.0,4,3.519999999999527
2025-11-11 09:50:00,2025-11-11 10:20:00,2025-11-11 10:25:00,LONG,UNKNOWN,WIN,2.0,1,1.464999999999236
2025-11-11 11:25:00,2025-11-11 12:15:00,2025-11-11 12:30:00,SHORT,UNKNOWN,WIN,2.0,3,1.6749999999992724
2025-11-14 05:20:00,2025-11-14 05:55:00,2025-11-14 06:10:00,SHORT,UNKNOWN,WIN,2.0,3,3.2700000000004366
2025-11-14 20:00:00,2025-11-14 20:40:00,2025-11-14 20:50:00,LONG,UNKNOWN,WIN,2.0,2,7.095000000000255
2025-11-17 01:00:00,2025-11-17 02:00:00,2025-11-17 05:00:00,LONG,UNKNOWN,LOSS,-1.0,36,10.754999999999654
2025-11-17 12:00:00,2025-11-17 13:40:00,2025-11-17 13:45:00,SHORT,UNKNOWN,WIN,2.0,1,1.805000000000291
2025-11-18 02:55:00,2025-11-18 04:15:00,2025-11-18 04:20:00,SHORT,UNKNOWN,WIN,2.0,1,2.2649999999998727
2025-11-19 09:40:00,2025-11-19 10:25:00,2025-11-19 10:30:00,SHORT,UNKNOWN,WIN,2.0,1,4.079999999999927
2025-11-19 20:50:00,2025-11-19 22:15:00,2025-11-19 22:25:00,SHORT,UNKNOWN,WIN,2.0,2,2.794999999999618
2025-11-20 09:05:00,2025-11-20 09:25:00,2025-11-20 09:40:00,SHORT,UNKNOWN,WIN,2.0,3,5.270000000000437
2025-11-20 09:05:00,2025-11-20 09:45:00,2025-11-20 10:00:00,SHORT,UNKNOWN,WIN,2.0,3,3.7899999999999636
2025-11-20 10:20:00,2025-11-20 11:30:00,2025-11-20 11:35:00,LONG,UNKNOWN,WIN,2.0,1,3.269999999999982
2025-11-21 01:40:00,2025-11-21 02:35:00,2025-11-21 02:40:00,SHORT,UNKNOWN,LOSS,-1.0,1,2.6099999999996726
2025-11-21 07:45:00,2025-11-21 08:10:00,2025-11-21 08:25:00,LONG,UNKNOWN,LOSS,-1.0,3,8.510000000000218
2025-11-24 04:50:00,2025-11-24 05:45:00,2025-11-24 06:05:00,LONG,UNKNOWN,WIN,2.0,4,3.0149999999998727
2025-11-24 06:10:00,2025-11-24 08:00:00,2025-11-24 08:05:00,SHORT,UNKNOWN,LOSS,-1.0,1,1.4249999999997272
2025-11-24 12:00:00,2025-11-24 12:55:00,2025-11-24 13:00:00,SHORT,UNKNOWN,WIN,2.0,1,2.3899999999998727
2025-11-25 14:40:00,2025-11-25 15:25:00,2025-11-25 15:30:00,LONG,UNKNOWN,WIN,2.0,1,1.7600000000002183
2025-11-26 12:00:00,2025-11-26 12:50:00,2025-11-26 13:15:00,SHORT,UNKNOWN,LOSS,-1.0,5,1.3100000000004002
2025-11-27 07:40:00,2025-11-27 08:25:00,2025-11-27 08:30:00,LONG,UNKNOWN,WIN,2.0,1,1.2950000000000728
2025-11-28 03:40:00,2025-11-28 04:35:00,2025-11-28 05:00:00,SHORT,UNKNOWN,LOSS,-1.0,5,2.1099999999996726
2025-12-01 01:00:00,2025-12-01 01:20:00,2025-12-01 02:25:00,SHORT,UNKNOWN,LOSS,-1.0,13,4.369999999999891
2025-12-01 06:45:00,2025-12-01 08:45:00,2025-12-01 08:50:00,SHORT,UNKNOWN,WIN,2.0,1,1.7950000000000728
2025-12-01 14:50:00,2025-12-01 15:50:00,2025-12-01 15:55:00,LONG,UNKNOWN,LOSS,-1.0,1,2.425000000000182
2025-12-01 14:50:00,2025-12-01 15:50:00,2025-12-01 15:55:00,LONG,UNKNOWN,LOSS,-1.0,1,2.425000000000182
2025-12-02 03:05:00,2025-12-02 04:00:00,2025-12-02 04:15:00,LONG,UNKNOWN,WIN,2.0,3,4.6850000000004
2025-12-02 23:50:00,2025-12-03 01:10:00,2025-12-03 01:50:00,LONG,UNKNOWN,WIN,2.0,8,4.010000000000218
2025-12-05 02:15:00,2025-12-05 03:20:00,2025-12-05 03:30:00,SHORT,UNKNOWN,WIN,2.0,2,2.2349999999996726
2025-12-09 02:55:00,2025-12-09 03:05:00,2025-12-09 03:10:00,LONG,UNKNOWN,WIN,2.0,1,2.110000000000582
2025-12-09 05:20:00,2025-12-09 06:10:00,2025-12-09 06:35:00,SHORT,UNKNOWN,WIN,2.0,5,0.9949999999998909
2025-12-09 14:10:00,2025-12-09 15:00:00,2025-12-09 15:05:00,LONG,UNKNOWN,WIN,2.0,1,1.014999999999418
2025-12-09 16:05:00,2025-12-09 16:55:00,2025-12-09 17:05:00,LONG,UNKNOWN,LOSS,-1.0,2,3.744999999999891
2025-12-10 07:10:00,2025-12-10 08:15:00,2025-12-10 10:10:00,LONG,UNKNOWN,LOSS,-1.0,23,2.7049999999999272
2025-12-10 21:00:00,2025-12-10 21:45:00,2025-12-10 21:55:00,SHORT,UNKNOWN,LOSS,-1.0,2,9.680000000000291
2025-12-11 10:40:00,2025-12-11 11:25:00,2025-12-11 11:30:00,SHORT,UNKNOWN,WIN,2.0,1,1.3800000000001091
2025-12-11 11:00:00,2025-12-11 12:25:00,2025-12-11 12:30:00,LONG,UNKNOWN,LOSS,-1.0,1,0.7849999999998545
2025-12-12 16:35:00,2025-12-12 17:00:00,2025-12-12 17:10:00,LONG,UNKNOWN,WIN,2.0,2,3.3649999999997817
2025-12-12 22:30:00,2025-12-12 23:50:00,2025-12-15 01:15:00,LONG,UNKNOWN,WIN,2.0,3,1.035000000000764
2025-12-15 05:00:00,2025-12-15 05:30:00,2025-12-15 06:10:00,SHORT,UNKNOWN,LOSS,-1.0,8,2.380000000000109
2025-12-16 02:10:00,2025-12-16 03:10:00,2025-12-16 03:30:00,SHORT,UNKNOWN,LOSS,-1.0,4,3.9200000000000728
2025-12-16 03:00:00,2025-12-16 03:55:00,2025-12-16 04:00:00,LONG,UNKNOWN,WIN,2.0,1,1.300000000000182
2025-12-17 17:30:00,2025-12-17 17:45:00,2025-12-17 17:50:00,SHORT,UNKNOWN,WIN,2.0,1,7.0600000000004
2025-12-17 19:55:00,2025-12-17 21:15:00,2025-12-17 21:20:00,SHORT,UNKNOWN,WIN,2.0,1,2.1450000000004366
2025-12-18 08:30:00,2025-12-18 09:10:00,2025-12-18 09:25:00,SHORT,UNKNOWN,LOSS,-1.0,3,1.4099999999998545
2025-12-18 15:50:00,2025-12-18 17:00:00,2025-12-18 17:20:00,SHORT,UNKNOWN,WIN,2.0,4,5.140000000000327
2025-12-18 21:50:00,2025-12-18 22:50:00,2025-12-18 22:55:00,LONG,UNKNOWN,WIN,2.0,1,1.1850000000004002
2025-12-22 19:10:00,2025-12-22 19:35:00,2025-12-22 20:45:00,SHORT,UNKNOWN,WIN,2.0,14,3.1850000000004
2025-12-22 21:15:00,2025-12-22 22:20:00,2025-12-22 22:30:00,LONG,UNKNOWN,LOSS,-1.0,2,0.6299999999991996
2025-12-23 22:55:00,2025-12-23 23:45:00,2025-12-23 23:50:00,SHORT,UNKNOWN,WIN,2.0,1,0.7449999999998909
2025-12-24 06:15:00,2025-12-24 07:00:00,2025-12-24 07:05:00,LONG,UNKNOWN,LOSS,-1.0,1,1.610000000000582
2025-12-24 06:35:00,2025-12-24 08:35:00,2025-12-24 08:40:00,SHORT,UNKNOWN,WIN,2.0,1,1.1099999999996726
2025-12-24 11:45:00,2025-12-24 12:55:00,2025-12-24 13:05:00,SHORT,UNKNOWN,WIN,2.0,2,2.494999999999891
2025-12-26 21:10:00,2025-12-26 21:40:00,2025-12-26 21:45:00,SHORT,UNKNOWN,WIN,2.0,1,4.229999999999563
2025-12-30 09:45:00,2025-12-30 10:55:00,2025-12-30 11:10:00,SHORT,UNKNOWN,LOSS,-1.0,3,3.1099999999996726
2025-12-30 18:05:00,2025-12-30 19:20:00,2025-12-30 19:25:00,LONG,UNKNOWN,WIN,2.0,1,3.2049999999999272
2025-12-31 20:15:00,2025-12-31 20:35:00,2025-12-31 20:40:00,SHORT,UNKNOWN,WIN,2.0,1,2.494999999999891
2026-01-02 12:50:00,2026-01-02 13:40:00,2026-01-02 13:45:00,SHORT,UNKNOWN,WIN,2.0,1,1.610000000000582
2026-01-05 07:10:00,2026-01-05 07:45:00,2026-01-05 08:00:00,SHORT,UNKNOWN,LOSS,-1.0,3,2.7150000000001455
2026-01-05 07:40:00,2026-01-05 08:10:00,2026-01-05 08:25:00,LONG,UNKNOWN,WIN,2.0,3,6.354999999999563
2026-01-05 12:35:00,2026-01-05 13:20:00,2026-01-05 13:25:00,SHORT,UNKNOWN,WIN,2.0,1,1.480000000000473
2026-01-05 20:55:00,2026-01-05 21:25:00,2026-01-05 21:55:00,SHORT,UNKNOWN,WIN,2.0,6,2.949999999999818
2026-01-06 07:00:00,2026-01-06 09:00:00,2026-01-06 09:05:00,SHORT,UNKNOWN,WIN,2.0,1,3.2950000000000728
2026-01-06 15:25:00,2026-01-06 16:10:00,2026-01-06 16:15:00,LONG,UNKNOWN,LOSS,-1.0,1,2.0100000000002183
2026-01-06 15:50:00,2026-01-06 17:30:00,2026-01-06 17:35:00,LONG,UNKNOWN,LOSS,-1.0,1,4.395000000000437
2026-01-07 03:55:00,2026-01-07 04:45:00,2026-01-07 04:50:00,LONG,UNKNOWN,WIN,2.0,1,2.880000000000109
2026-01-07 21:05:00,2026-01-07 21:55:00,2026-01-07 22:15:00,LONG,UNKNOWN,WIN,2.0,4,2.5250000000005457
2026-01-09 10:05:00,2026-01-09 11:10:00,2026-01-09 11:15:00,SHORT,UNKNOWN,LOSS,-1.0,1,1.0100000000002183
2026-01-09 14:00:00,2026-01-09 15:00:00,2026-01-09 15:20:00,SHORT,UNKNOWN,WIN,2.0,4,5.859999999999673
2026-01-12 06:30:00,2026-01-12 07:20:00,2026-01-12 07:30:00,LONG,UNKNOWN,WIN,2.0,2,1.9949999999998909
2026-01-12 14:15:00,2026-01-12 16:25:00,2026-01-12 16:30:00,LONG,UNKNOWN,WIN,2.0,1,1.105000000000473
2026-01-13 03:00:00,2026-01-13 03:15:00,2026-01-13 03:25:00,LONG,UNKNOWN,LOSS,-1.0,2,5.275000000000546
2026-01-13 03:05:00,2026-01-13 03:40:00,2026-01-13 03:45:00,SHORT,UNKNOWN,WIN,2.0,1,2.155000000000655
2026-01-13 07:25:00,2026-01-13 07:40:00,2026-01-13 08:20:00,SHORT,UNKNOWN,WIN,2.0,8,4.7150000000001455
2026-01-13 07:25:00,2026-01-13 07:40:00,2026-01-13 08:20:00,SHORT,UNKNOWN,WIN,2.0,8,4.7150000000001455
2026-01-13 08:40:00,2026-01-13 09:35:00,2026-01-13 09:45:00,LONG,UNKNOWN,LOSS,-1.0,2,2.9749999999994543
2026-01-13 09:30:00,2026-01-13 09:55:00,2026-01-13 10:05:00,SHORT,UNKNOWN,LOSS,-1.0,2,3.074999999999818
2026-01-13 09:45:00,2026-01-13 10:15:00,2026-01-13 10:25:00,LONG,UNKNOWN,WIN,2.0,2,4.375
2026-01-13 16:40:00,2026-01-13 17:45:00,2026-01-13 17:50:00,SHORT,UNKNOWN,WIN,2.0,1,3.355000000000473
2026-01-14 07:30:00,2026-01-14 08:10:00,2026-01-14 08:15:00,SHORT,UNKNOWN,WIN,2.0,1,2.324999999999818
2026-01-14 13:50:00,2026-01-14 14:25:00,2026-01-14 14:35:00,LONG,UNKNOWN,LOSS,-1.0,2,1.6700000000000728
2026-01-14 14:55:00,2026-01-14 15:20:00,2026-01-14 15:25:00,SHORT,UNKNOWN,WIN,2.0,1,4.100000000000364
2026-01-15 13:30:00,2026-01-15 13:50:00,2026-01-15 14:10:00,SHORT,UNKNOWN,WIN,2.0,4,2.75
2026-01-16 02:20:00,2026-01-16 03:25:00,2026-01-16 03:30:00,SHORT,UNKNOWN,WIN,2.0,1,0.9099999999998545
2026-01-16 06:55:00,2026-01-16 07:20:00,2026-01-16 07:30:00,SHORT,UNKNOWN,LOSS,-1.0,2,1.555000000000291
2026-01-16 07:10:00,2026-01-16 07:40:00,2026-01-16 07:45:00,LONG,UNKNOWN,WIN,2.0,1,3.5200000000004366
2026-01-20 15:20:00,2026-01-20 17:25:00,2026-01-20 17:30:00,LONG,UNKNOWN,WIN,2.0,1,3.7349999999996726
2026-01-21 13:15:00,2026-01-21 13:50:00,2026-01-21 13:55:00,SHORT,UNKNOWN,LOSS,-1.0,1,2.0800000000008367
2026-01-21 15:10:00,2026-01-21 16:35:00,2026-01-21 16:40:00,SHORT,UNKNOWN,WIN,2.0,1,5.184999999999491
2026-01-22 15:40:00,2026-01-22 17:00:00,2026-01-22 17:05:00,LONG,UNKNOWN,WIN,2.0,1,2.4650000000001455
2026-01-23 02:55:00,2026-01-23 03:10:00,2026-01-23 05:15:00,SHORT,UNKNOWN,WIN,2.0,25,8.25500000000011
2026-01-23 11:25:00,2026-01-23 13:00:00,2026-01-23 13:05:00,LONG,UNKNOWN,LOSS,-1.0,1,1.269999999999527
2026-01-26 07:10:00,2026-01-26 08:10:00,2026-01-26 08:25:00,LONG,UNKNOWN,WIN,2.0,3,7.405000000000655
2026-01-26 15:30:00,2026-01-26 16:25:00,2026-01-26 16:30:00,LONG,UNKNOWN,WIN,2.0,1,8.00500000000011
2026-01-26 18:00:00,2026-01-26 18:40:00,2026-01-26 19:45:00,SHORT,UNKNOWN,LOSS,-1.0,13,13.570000000000618
2026-01-26 21:20:00,2026-01-26 22:15:00,2026-01-26 22:30:00,LONG,UNKNOWN,WIN,2.0,3,17.344999999999345
2026-01-27 04:00:00,2026-01-27 04:50:00,2026-01-27 05:15:00,LONG,UNKNOWN,LOSS,-1.0,5,4.535000000000764
2026-01-28 08:25:00,2026-01-28 08:55:00,2026-01-28 09:00:00,LONG,UNKNOWN,WIN,2.0,1,3.4650000000001455
2026-01-28 11:40:00,2026-01-28 12:10:00,2026-01-28 12:30:00,LONG,UNKNOWN,LOSS,-1.0,4,2.6500000000005457
2026-01-28 15:00:00,2026-01-28 16:35:00,2026-01-28 16:40:00,SHORT,UNKNOWN,LOSS,-1.0,1,5.255000000000109
2026-01-28 16:55:00,2026-01-28 17:20:00,2026-01-28 18:55:00,SHORT,UNKNOWN,LOSS,-1.0,19,13.88000000000011
2026-01-30 23:50:00,2026-02-02 01:05:00,2026-02-02 01:15:00,SHORT,UNKNOWN,WIN,2.0,2,64.97999999999956
2026-02-03 10:40:00,2026-02-03 11:35:00,2026-02-03 11:45:00,SHORT,UNKNOWN,LOSS,-1.0,2,5.664999999999964
2026-02-03 13:20:00,2026-02-03 14:15:00,2026-02-03 14:25:00,LONG,UNKNOWN,LOSS,-1.0,2,8.715000000000146
2026-02-04 01:00:00,2026-02-04 01:10:00,2026-02-04 02:10:00,SHORT,UNKNOWN,LOSS,-1.0,12,19.36499999999978
2026-02-04 07:40:00,2026-02-04 08:30:00,2026-02-04 08:40:00,SHORT,UNKNOWN,LOSS,-1.0,2,8.669999999999163
2026-02-04 07:40:00,2026-02-04 08:45:00,2026-02-04 09:00:00,SHORT,UNKNOWN,WIN,2.0,3,4.019999999999527
2026-02-04 15:50:00,2026-02-04 16:30:00,2026-02-04 16:35:00,SHORT,UNKNOWN,WIN,2.0,1,6.279999999999745
2026-02-05 13:20:00,2026-02-05 14:35:00,2026-02-05 14:40:00,SHORT,UNKNOWN,WIN,2.0,1,3.6099999999996726
2026-02-06 05:40:00,2026-02-06 06:45:00,2026-02-06 07:15:00,LONG,UNKNOWN,WIN,2.0,6,6.1899999999996
2026-02-09 15:05:00,2026-02-09 15:30:00,2026-02-09 15:40:00,SHORT,UNKNOWN,WIN,2.0,2,8.265000000000327
2026-02-09 22:20:00,2026-02-10 01:00:00,2026-02-10 01:05:00,SHORT,UNKNOWN,WIN,2.0,1,3.25
2026-02-10 22:45:00,2026-02-10 23:25:00,2026-02-10 23:40:00,SHORT,UNKNOWN,WIN,2.0,3,2.1549999999997453
2026-02-11 15:25:00,2026-02-11 15:55:00,2026-02-11 16:00:00,SHORT,UNKNOWN,WIN,2.0,1,6.235000000000582
2026-02-12 10:30:00,2026-02-12 12:10:00,2026-02-12 12:25:00,LONG,UNKNOWN,LOSS,-1.0,3,1.7550000000001091
2026-02-12 14:35:00,2026-02-12 15:05:00,2026-02-12 15:15:00,SHORT,UNKNOWN,LOSS,-1.0,2,3.0599999999994907
2026-02-12 14:40:00,2026-02-12 15:20:00,2026-02-12 15:45:00,LONG,UNKNOWN,WIN,2.0,5,9.425000000000182
2026-02-12 16:55:00,2026-02-12 17:50:00,2026-02-12 17:55:00,LONG,UNKNOWN,LOSS,-1.0,1,2.9899999999997817
2026-02-13 07:20:00,2026-02-13 07:35:00,2026-02-13 07:40:00,SHORT,UNKNOWN,WIN,2.0,1,5.480000000000473
2026-02-13 12:10:00,2026-02-13 12:50:00,2026-02-13 12:55:00,SHORT,UNKNOWN,WIN,2.0,1,7.144999999999527
2026-02-16 19:15:00,2026-02-16 20:05:00,2026-02-16 20:10:00,SHORT,UNKNOWN,LOSS,-1.0,1,1.4549999999999272
2026-02-16 21:10:00,2026-02-17 01:05:00,2026-02-17 01:10:00,LONG,UNKNOWN,LOSS,-1.0,1,2.6400000000003274
2026-02-17 11:45:00,2026-02-17 12:25:00,2026-02-17 12:30:00,LONG,UNKNOWN,LOSS,-1.0,1,1.2849999999998545
2026-02-18 18:20:00,2026-02-18 18:55:00,2026-02-18 20:25:00,LONG,UNKNOWN,LOSS,-1.0,18,4.199999999999818
2026-02-23 14:25:00,2026-02-23 15:15:00,2026-02-23 15:20:00,LONG,UNKNOWN,LOSS,-1.0,1,1.9350000000004002
2026-02-24 13:40:00,2026-02-24 14:05:00,2026-02-24 14:10:00,SHORT,UNKNOWN,WIN,2.0,1,1.7650000000003274
2026-02-26 13:50:00,2026-02-26 15:10:00,2026-02-26 15:15:00,LONG,UNKNOWN,WIN,2.0,1,1.5949999999993452
2026-02-27 11:45:00,2026-02-27 12:15:00,2026-02-27 12:25:00,SHORT,UNKNOWN,WIN,2.0,2,1.8950000000004366
2026-03-02 23:45:00,2026-03-03 01:20:00,2026-03-03 01:25:00,LONG,UNKNOWN,WIN,2.0,1,5.119999999999891
2026-03-06 01:40:00,2026-03-06 02:05:00,2026-03-06 02:15:00,SHORT,UNKNOWN,WIN,2.0,2,7.085000000000036
2026-03-09 07:00:00,2026-03-09 08:50:00,2026-03-09 08:55:00,LONG,UNKNOWN,WIN,2.0,1,5.204999999999927
2026-03-09 10:00:00,2026-03-09 10:30:00,2026-03-09 10:45:00,SHORT,UNKNOWN,WIN,2.0,3,5.8400000000001455
2026-03-09 10:25:00,2026-03-09 11:40:00,2026-03-09 12:05:00,LONG,UNKNOWN,WIN,2.0,5,4.649999999999636
2026-03-09 16:40:00,2026-03-09 17:10:00,2026-03-09 17:20:00,SHORT,UNKNOWN,LOSS,-1.0,2,5.130000000000109
2026-03-10 02:30:00,2026-03-10 03:30:00,2026-03-10 03:35:00,LONG,UNKNOWN,WIN,2.0,1,7.135000000000218
2026-03-10 09:20:00,2026-03-10 10:00:00,2026-03-10 10:05:00,LONG,UNKNOWN,LOSS,-1.0,1,1.7449999999998909
2026-03-11 07:30:00,2026-03-11 08:35:00,2026-03-11 08:40:00,LONG,UNKNOWN,LOSS,-1.0,1,2.1549999999997453
2026-03-11 13:55:00,2026-03-11 14:25:00,2026-03-11 14:30:00,LONG,UNKNOWN,WIN,2.0,1,6.444999999999709
2026-03-11 14:15:00,2026-03-11 14:55:00,2026-03-11 15:00:00,SHORT,UNKNOWN,WIN,2.0,1,3.569999999999709
2026-03-12 14:05:00,2026-03-12 15:15:00,2026-03-12 15:20:00,LONG,UNKNOWN,LOSS,-1.0,1,2.7049999999999272
2026-03-13 12:15:00,2026-03-13 12:35:00,2026-03-13 12:45:00,SHORT,UNKNOWN,LOSS,-1.0,2,3.2299999999995634
2026-03-13 14:45:00,2026-03-13 15:40:00,2026-03-13 15:45:00,SHORT,UNKNOWN,LOSS,-1.0,1,1.875
2026-03-16 00:05:00,2026-03-16 00:30:00,2026-03-16 01:00:00,SHORT,UNKNOWN,WIN,2.0,6,7.360000000000582
2026-03-16 00:45:00,2026-03-16 01:05:00,2026-03-16 01:15:00,SHORT,UNKNOWN,WIN,2.0,2,7.740000000000691
2026-03-17 13:55:00,2026-03-17 14:50:00,2026-03-17 15:00:00,LONG,UNKNOWN,WIN,2.0,2,3.8150000000005093
2026-03-17 13:55:00,2026-03-17 14:50:00,2026-03-17 15:00:00,LONG,UNKNOWN,WIN,2.0,2,3.8150000000005093
2026-03-17 15:40:00,2026-03-17 16:35:00,2026-03-17 17:25:00,SHORT,UNKNOWN,WIN,2.0,10,5.230000000000473
2026-03-20 01:40:00,2026-03-20 02:20:00,2026-03-20 02:25:00,LONG,UNKNOWN,WIN,2.0,1,2.5100000000002183
2026-03-23 14:00:00,2026-03-23 15:25:00,2026-03-23 15:30:00,LONG,UNKNOWN,WIN,2.0,1,8.289999999999964
2026-03-24 00:00:00,2026-03-24 00:30:00,2026-03-24 00:35:00,LONG,UNKNOWN,WIN,2.0,1,5.904999999999745
2026-03-24 07:05:00,2026-03-24 07:55:00,2026-03-24 08:00:00,LONG,UNKNOWN,WIN,2.0,1,12.5600000000004
2026-03-24 12:55:00,2026-03-24 13:10:00,2026-03-24 13:15:00,SHORT,UNKNOWN,WIN,2.0,1,11.225000000000364
2026-03-26 20:20:00,2026-03-26 21:05:00,2026-03-26 21:50:00,LONG,UNKNOWN,LOSS,-1.0,9,10.284999999999854
2026-03-26 21:50:00,2026-03-26 22:25:00,2026-03-26 22:35:00,LONG,UNKNOWN,WIN,2.0,2,11.99499999999989
2026-03-27 02:50:00,2026-03-27 03:25:00,2026-03-27 03:30:00,LONG,UNKNOWN,WIN,2.0,1,3.785000000000764
2026-03-31 02:10:00,2026-03-31 03:05:00,2026-03-31 03:15:00,LONG,UNKNOWN,LOSS,-1.0,2,3.8450000000002547
2026-03-31 14:20:00,2026-03-31 15:15:00,2026-03-31 16:50:00,SHORT,UNKNOWN,LOSS,-1.0,19,10.420000000000073
2026-04-06 16:30:00,2026-04-06 17:20:00,2026-04-06 18:05:00,LONG,UNKNOWN,LOSS,-1.0,9,10.890000000000327
2026-04-06 21:10:00,2026-04-06 21:40:00,2026-04-07 01:05:00,SHORT,UNKNOWN,LOSS,-1.0,17,7.244999999999891
2026-04-07 03:45:00,2026-04-07 04:10:00,2026-04-07 04:30:00,SHORT,UNKNOWN,LOSS,-1.0,4,16.784999999999854
2026-04-08 13:15:00,2026-04-08 13:55:00,2026-04-08 14:50:00,LONG,UNKNOWN,WIN,2.0,11,9.109999999999673
2026-04-09 07:40:00,2026-04-09 08:15:00,2026-04-09 08:25:00,SHORT,UNKNOWN,LOSS,-1.0,2,4.984999999999673
2026-04-09 08:10:00,2026-04-09 08:30:00,2026-04-09 08:50:00,LONG,UNKNOWN,LOSS,-1.0,4,6.800000000000182
2026-04-09 08:25:00,2026-04-09 09:00:00,2026-04-09 09:05:00,SHORT,UNKNOWN,LOSS,-1.0,1,2.6950000000006185
2026-04-09 09:50:00,2026-04-09 10:40:00,2026-04-09 13:45:00,LONG,UNKNOWN,WIN,2.0,37,12.36999999999989
2026-04-09 20:40:00,2026-04-09 21:15:00,2026-04-09 21:30:00,SHORT,UNKNOWN,WIN,2.0,3,4.444999999999709
2026-04-10 11:40:00,2026-04-10 13:05:00,2026-04-10 13:15:00,LONG,UNKNOWN,WIN,2.0,2,2.244999999999891
2026-04-10 12:15:00,2026-04-10 13:15:00,2026-04-10 13:20:00,SHORT,UNKNOWN,LOSS,-1.0,1,1.9950000000008004
2026-04-10 14:10:00,2026-04-10 14:25:00,2026-04-10 14:30:00,LONG,UNKNOWN,WIN,2.0,1,3.1400000000003274
2026-04-10 20:10:00,2026-04-10 21:10:00,2026-04-10 21:15:00,SHORT,UNKNOWN,LOSS,-1.0,1,2.774999999999636
2026-04-10 21:00:00,2026-04-10 21:20:00,2026-04-10 21:30:00,LONG,UNKNOWN,WIN,2.0,2,5.9350000000004
2026-04-13 13:25:00,2026-04-13 14:25:00,2026-04-13 14:35:00,LONG,UNKNOWN,LOSS,-1.0,2,3.8499999999994543
2026-04-15 08:15:00,2026-04-15 08:55:00,2026-04-15 09:05:00,SHORT,UNKNOWN,WIN,2.0,2,3.2200000000002547
2026-04-16 13:15:00,2026-04-16 15:10:00,2026-04-16 15:15:00,LONG,UNKNOWN,WIN,2.0,1,2.0600000000004
2026-04-16 17:40:00,2026-04-16 19:30:00,2026-04-16 19:35:00,LONG,UNKNOWN,WIN,2.0,1,2.930000000000291
2026-04-17 01:00:00,2026-04-17 01:10:00,2026-04-17 01:20:00,LONG,UNKNOWN,LOSS,-1.0,2,1.625
2026-04-22 12:40:00,2026-04-22 13:15:00,2026-04-22 13:20:00,SHORT,UNKNOWN,WIN,2.0,1,2.165000000000873
2026-04-22 15:25:00,2026-04-22 16:00:00,2026-04-22 16:05:00,SHORT,UNKNOWN,WIN,2.0,1,6.494999999999891
2026-04-22 19:15:00,2026-04-22 21:20:00,2026-04-22 21:25:00,LONG,UNKNOWN,WIN,2.0,1,1.7749999999996362
2026-04-23 03:00:00,2026-04-23 04:25:00,2026-04-23 05:55:00,LONG,UNKNOWN,LOSS,-1.0,18,14.780000000000655
2026-04-24 02:10:00,2026-04-24 02:55:00,2026-04-24 03:00:00,LONG,UNKNOWN,WIN,2.0,1,3.8350000000000364
2026-04-24 04:05:00,2026-04-24 04:15:00,2026-04-24 04:30:00,LONG,UNKNOWN,LOSS,-1.0,3,5.229999999999563
2026-04-24 04:00:00,2026-04-24 04:35:00,2026-04-24 05:20:00,SHORT,UNKNOWN,WIN,2.0,9,7.079999999999927
2026-04-24 13:30:00,2026-04-24 15:40:00,2026-04-24 15:45:00,LONG,UNKNOWN,LOSS,-1.0,1,3.980000000000473
2026-04-27 15:15:00,2026-04-27 15:45:00,2026-04-27 16:00:00,SHORT,UNKNOWN,WIN,2.0,3,5.75
2026-04-30 15:30:00,2026-04-30 16:30:00,2026-04-30 16:35:00,LONG,UNKNOWN,LOSS,-1.0,1,3.110000000000582
2026-05-01 02:30:00,2026-05-01 03:05:00,2026-05-01 03:10:00,SHORT,UNKNOWN,WIN,2.0,1,1.6199999999998909
2026-05-05 03:25:00,2026-05-05 03:55:00,2026-05-05 04:05:00,LONG,UNKNOWN,WIN,2.0,2,7.149999999999636
2026-05-05 08:30:00,2026-05-05 09:30:00,2026-05-05 09:35:00,SHORT,UNKNOWN,LOSS,-1.0,1,1.985000000000582
2026-05-05 09:20:00,2026-05-05 10:10:00,2026-05-05 10:15:00,LONG,UNKNOWN,WIN,2.0,1,1.9349999999994907
2026-05-05 10:00:00,2026-05-05 11:00:00,2026-05-05 11:55:00,SHORT,UNKNOWN,LOSS,-1.0,11,4.699999999999818
2026-05-05 13:50:00,2026-05-05 14:45:00,2026-05-05 15:00:00,LONG,UNKNOWN,LOSS,-1.0,3,2.1899999999996
2026-05-06 20:35:00,2026-05-06 21:40:00,2026-05-06 21:45:00,LONG,UNKNOWN,WIN,2.0,1,1.769999999999527
2026-05-06 22:55:00,2026-05-07 01:20:00,2026-05-07 04:10:00,LONG,UNKNOWN,WIN,2.0,34,10.329999999999927
2026-05-07 04:40:00,2026-05-07 05:35:00,2026-05-07 05:55:00,SHORT,UNKNOWN,LOSS,-1.0,4,2.449999999999818
2026-05-11 03:50:00,2026-05-11 04:20:00,2026-05-11 04:25:00,LONG,UNKNOWN,WIN,2.0,1,5.009999999999309
2026-05-11 08:30:00,2026-05-11 09:15:00,2026-05-11 09:20:00,SHORT,UNKNOWN,WIN,2.0,1,4.295000000000073
2026-05-12 02:50:00,2026-05-12 03:35:00,2026-05-12 03:50:00,SHORT,UNKNOWN,WIN,2.0,3,3.3950000000004366
2026-05-12 13:05:00,2026-05-12 14:25:00,2026-05-12 14:30:00,SHORT,UNKNOWN,WIN,2.0,1,1.819999999999709
2026-05-12 15:45:00,2026-05-12 16:20:00,2026-05-12 16:55:00,SHORT,UNKNOWN,WIN,2.0,7,10.510000000000218
2026-05-13 08:30:00,2026-05-13 09:55:00,2026-05-13 10:00:00,LONG,UNKNOWN,WIN,2.0,1,2.9650000000001455
2026-05-13 12:20:00,2026-05-13 13:15:00,2026-05-13 13:20:00,LONG,UNKNOWN,WIN,2.0,1,1.4200000000000728
2026-05-13 22:50:00,2026-05-14 01:10:00,2026-05-14 01:15:00,LONG,UNKNOWN,WIN,2.0,1,2.605000000000473
2026-05-14 10:25:00,2026-05-14 11:00:00,2026-05-14 16:30:00,SHORT,UNKNOWN,WIN,2.0,66,11.890000000000327
2026-05-15 12:05:00,2026-05-15 12:20:00,2026-05-15 12:35:00,SHORT,UNKNOWN,WIN,2.0,3,4.144999999999527
2026-05-15 12:05:00,2026-05-15 12:55:00,2026-05-15 13:05:00,SHORT,UNKNOWN,LOSS,-1.0,2,4.914999999999964
2026-05-15 12:15:00,2026-05-15 13:25:00,2026-05-15 13:50:00,LONG,UNKNOWN,WIN,2.0,5,8.980000000000473
2026-05-15 16:25:00,2026-05-15 16:55:00,2026-05-15 17:00:00,SHORT,UNKNOWN,WIN,2.0,1,8.204999999999927
2026-05-15 16:35:00,2026-05-15 18:35:00,2026-05-15 19:05:00,LONG,UNKNOWN,LOSS,-1.0,6,5.505000000000109
2026-05-18 06:30:00,2026-05-18 07:20:00,2026-05-18 07:40:00,LONG,UNKNOWN,WIN,2.0,4,5.819999999999709
2026-05-18 11:45:00,2026-05-18 12:15:00,2026-05-18 12:30:00,SHORT,UNKNOWN,WIN,2.0,3,4.479999999999563
2026-05-19 03:00:00,2026-05-19 03:40:00,2026-05-19 03:45:00,SHORT,UNKNOWN,WIN,2.0,1,1.9099999999998545
2026-05-19 10:25:00,2026-05-19 11:05:00,2026-05-19 11:20:00,LONG,UNKNOWN,LOSS,-1.0,3,3.9349999999994907
2026-05-19 10:55:00,2026-05-19 11:30:00,2026-05-19 11:45:00,SHORT,UNKNOWN,LOSS,-1.0,3,2.680000000000291
2026-05-20 09:35:00,2026-05-20 10:50:00,2026-05-20 10:55:00,LONG,UNKNOWN,WIN,2.0,1,2.175000000000182
2026-05-20 16:10:00,2026-05-20 17:15:00,2026-05-20 17:20:00,SHORT,UNKNOWN,LOSS,-1.0,1,6.130000000000109
2026-05-22 08:35:00,2026-05-22 09:20:00,2026-05-22 10:35:00,SHORT,UNKNOWN,WIN,2.0,15,4.4950000000008
2026-05-22 10:30:00,2026-05-22 11:20:00,2026-05-22 11:25:00,LONG,UNKNOWN,LOSS,-1.0,1,2.860000000000582
2026-05-22 12:15:00,2026-05-22 13:30:00,2026-05-22 13:35:00,LONG,UNKNOWN,LOSS,-1.0,1,1.714999999999236
2026-05-22 15:10:00,2026-05-22 15:40:00,2026-05-22 16:40:00,SHORT,UNKNOWN,WIN,2.0,12,8.175000000000182
2026-05-22 19:25:00,2026-05-22 20:00:00,2026-05-22 20:20:00,SHORT,UNKNOWN,WIN,2.0,4,3.630000000000109
2026-05-26 10:15:00,2026-05-26 11:00:00,2026-05-26 11:10:00,LONG,UNKNOWN,LOSS,-1.0,2,1.925000000000182
2026-05-26 14:55:00,2026-05-26 17:10:00,2026-05-26 17:20:00,LONG,UNKNOWN,WIN,2.0,2,4.4099999999998545
2026-05-26 16:20:00,2026-05-26 17:30:00,2026-05-26 17:50:00,SHORT,UNKNOWN,WIN,2.0,4,5.039999999999964
2026-05-26 22:40:00,2026-05-27 01:35:00,2026-05-27 01:55:00,SHORT,UNKNOWN,LOSS,-1.0,4,4.440000000000509
2026-05-27 05:40:00,2026-05-27 06:05:00,2026-05-27 06:10:00,LONG,UNKNOWN,WIN,2.0,1,3.675000000000182
2026-05-27 10:45:00,2026-05-27 11:30:00,2026-05-27 11:35:00,LONG,UNKNOWN,WIN,2.0,1,1.3099999999994907
2026-05-27 14:55:00,2026-05-27 15:55:00,2026-05-27 16:05:00,LONG,UNKNOWN,LOSS,-1.0,2,4.360000000000582
2026-05-27 22:10:00,2026-05-28 02:05:00,2026-05-28 02:45:00,LONG,UNKNOWN,LOSS,-1.0,8,2.9700000000002547
2026-05-29 11:50:00,2026-05-29 12:55:00,2026-05-29 13:30:00,LONG,UNKNOWN,WIN,2.0,7,2.875
2026-06-02 02:45:00,2026-06-02 03:40:00,2026-06-02 04:00:00,LONG,UNKNOWN,LOSS,-1.0,4,4.3149999999996
2026-06-02 21:40:00,2026-06-02 22:05:00,2026-06-02 22:15:00,LONG,UNKNOWN,LOSS,-1.0,2,0.8699999999998909
2026-06-02 21:25:00,2026-06-02 21:45:00,2026-06-03 01:00:00,SHORT,UNKNOWN,LOSS,-1.0,15,3.2349999999996726
2026-06-03 01:00:00,2026-06-03 01:25:00,2026-06-03 01:30:00,LONG,UNKNOWN,WIN,2.0,1,1.180000000000291
2026-06-04 17:50:00,2026-06-04 18:40:00,2026-06-04 18:45:00,LONG,UNKNOWN,LOSS,-1.0,1,1.6199999999998909
2026-06-05 04:00:00,2026-06-05 04:40:00,2026-06-05 04:45:00,SHORT,UNKNOWN,WIN,2.0,1,5.114999999999782
2026-06-05 14:20:00,2026-06-05 15:00:00,2026-06-05 15:10:00,LONG,UNKNOWN,WIN,2.0,2,1.9049999999997453
2026-06-08 01:00:00,2026-06-08 01:15:00,2026-06-08 03:20:00,LONG,UNKNOWN,WIN,2.0,25,13.800000000000182
2026-06-08 10:20:00,2026-06-08 11:15:00,2026-06-08 11:25:00,SHORT,UNKNOWN,WIN,2.0,2,3.2349999999996726
2026-06-08 15:15:00,2026-06-08 15:45:00,2026-06-08 15:50:00,LONG,UNKNOWN,LOSS,-1.0,1,3.4200000000000728
2026-06-08 16:30:00,2026-06-08 17:45:00,2026-06-08 17:50:00,SHORT,UNKNOWN,WIN,2.0,1,5.390000000000327
2026-06-08 16:30:00,2026-06-08 17:45:00,2026-06-08 17:50:00,SHORT,UNKNOWN,WIN,2.0,1,5.390000000000327
2026-06-09 10:35:00,2026-06-09 11:45:00,2026-06-09 12:20:00,LONG,UNKNOWN,WIN,2.0,7,2.980000000000473
2026-06-11 19:10:00,2026-06-11 20:20:00,2026-06-11 20:25:00,SHORT,UNKNOWN,LOSS,-1.0,1,1.5
2026-06-12 15:15:00,2026-06-12 16:20:00,2026-06-12 16:30:00,SHORT,UNKNOWN,WIN,2.0,2,4.449999999999818
2026-06-12 16:35:00,2026-06-12 17:15:00,2026-06-12 17:20:00,SHORT,UNKNOWN,WIN,2.0,1,5.845000000000255
2026-06-22 16:05:00,2026-06-22 17:00:00,2026-06-22 17:05:00,LONG,UNKNOWN,WIN,2.0,1,3.5200000000004366
2026-06-23 02:35:00,2026-06-23 03:00:00,2026-06-23 03:05:00,SHORT,UNKNOWN,WIN,2.0,1,2.519999999999527
2026-06-23 16:00:00,2026-06-23 17:35:00,2026-06-23 17:40:00,LONG,UNKNOWN,WIN,2.0,1,3.0950000000002547
2026-06-25 22:45:00,2026-06-26 01:40:00,2026-06-26 02:45:00,LONG,UNKNOWN,LOSS,-1.0,13,5.075000000000273
2026-06-26 10:25:00,2026-06-26 11:05:00,2026-06-26 11:15:00,SHORT,UNKNOWN,LOSS,-1.0,2,2.1649999999999636
2026-06-26 13:20:00,2026-06-26 14:00:00,2026-06-26 14:15:00,LONG,UNKNOWN,LOSS,-1.0,3,3.724999999999909
2026-06-26 13:50:00,2026-06-26 15:10:00,2026-06-26 15:15:00,SHORT,UNKNOWN,WIN,2.0,1,2.449999999999818
2026-06-26 13:20:00,2026-06-26 13:35:00,2026-06-26 15:20:00,LONG,UNKNOWN,LOSS,-1.0,21,4.635000000000218
2026-06-26 15:20:00,2026-06-26 16:05:00,2026-06-26 16:20:00,LONG,UNKNOWN,WIN,2.0,3,6.755000000000109
2026-06-26 18:05:00,2026-06-26 18:50:00,2026-06-26 19:00:00,LONG,UNKNOWN,WIN,2.0,2,3.3850000000002183
2026-06-29 03:20:00,2026-06-29 04:00:00,2026-06-29 04:05:00,LONG,UNKNOWN,WIN,2.0,1,6.964999999999691
2026-07-01 10:05:00,2026-07-01 11:00:00,2026-07-01 11:15:00,LONG,UNKNOWN,WIN,2.0,3,2.0
2026-07-01 17:30:00,2026-07-01 18:25:00,2026-07-01 18:35:00,SHORT,UNKNOWN,WIN,2.0,2,5.0900000000001455
2026-07-02 08:30:00,2026-07-02 09:30:00,2026-07-02 09:40:00,LONG,UNKNOWN,LOSS,-1.0,2,2.819999999999709
2026-07-03 01:00:00,2026-07-03 01:15:00,2026-07-03 01:35:00,LONG,UNKNOWN,WIN,2.0,4,2.1900000000005093
2026-07-03 08:30:00,2026-07-03 08:50:00,2026-07-03 08:55:00,SHORT,UNKNOWN,WIN,2.0,1,1.5999999999994543
2026-07-06 15:40:00,2026-07-06 16:35:00,2026-07-06 16:45:00,LONG,UNKNOWN,LOSS,-1.0,2,3.1899999999996
2026-07-06 16:20:00,2026-07-06 17:10:00,2026-07-06 17:15:00,SHORT,UNKNOWN,WIN,2.0,1,4.099999999999454
2026-07-06 17:40:00,2026-07-06 19:00:00,2026-07-06 19:30:00,LONG,UNKNOWN,WIN,2.0,6,3.199999999999818
2026-07-07 01:00:00,2026-07-07 01:35:00,2026-07-07 01:50:00,LONG,UNKNOWN,LOSS,-1.0,3,0.7699999999995271
2026-07-07 11:50:00,2026-07-07 12:45:00,2026-07-07 13:00:00,LONG,UNKNOWN,WIN,2.0,3,4.625
2026-07-07 11:10:00,2026-07-07 13:05:00,2026-07-07 13:25:00,SHORT,UNKNOWN,LOSS,-1.0,4,2.3549999999995634
2026-07-09 04:30:00,2026-07-09 05:30:00,2026-07-09 05:45:00,LONG,UNKNOWN,LOSS,-1.0,3,2.6900000000000546
2026-07-10 03:55:00,2026-07-10 05:05:00,2026-07-10 05:10:00,SHORT,UNKNOWN,LOSS,-1.0,1,2.1549999999997453
2026-07-10 08:30:00,2026-07-10 09:20:00,2026-07-10 09:25:00,LONG,UNKNOWN,LOSS,-1.0,1,1.7949999999991633
2026-07-10 17:30:00,2026-07-10 17:50:00,2026-07-13 01:00:00,LONG,UNKNOWN,LOSS,-1.0,62,17.53500000000031
2026-07-13 21:45:00,2026-07-13 22:40:00,2026-07-13 22:50:00,SHORT,UNKNOWN,LOSS,-1.0,2,1.6000000000003638
2026-07-14 12:10:00,2026-07-14 12:35:00,2026-07-14 12:45:00,SHORT,UNKNOWN,LOSS,-1.0,2,4.049999999999727
2026-07-16 05:35:00,2026-07-16 08:05:00,2026-07-16 08:15:00,LONG,UNKNOWN,WIN,2.0,2,1.5249999999996362
2026-07-16 08:20:00,2026-07-16 09:10:00,2026-07-16 09:35:00,LONG,UNKNOWN,LOSS,-1.0,5,3.7200000000002547
2026-07-16 14:15:00,2026-07-16 14:55:00,2026-07-16 15:15:00,LONG,UNKNOWN,LOSS,-1.0,4,7.554999999999836
2026-07-17 16:30:00,2026-07-17 17:25:00,2026-07-17 17:30:00,LONG,UNKNOWN,LOSS,-1.0,1,3.3399999999996908
2026-07-21 13:35:00,2026-07-21 15:20:00,2026-07-21 15:25:00,SHORT,UNKNOWN,WIN,2.0,1,1.6950000000001637
2026-07-22 08:15:00,2026-07-22 09:05:00,2026-07-22 09:20:00,LONG,UNKNOWN,LOSS,-1.0,3,2.069999999999709
2026-07-23 04:00:00,2026-07-23 04:40:00,2026-07-23 04:55:00,SHORT,UNKNOWN,WIN,2.0,3,7.545000000000073
2026-07-23 13:50:00,2026-07-23 14:50:00,2026-07-23 14:55:00,SHORT,UNKNOWN,WIN,2.0,1,3.525000000000091
2026-07-24 16:05:00,2026-07-24 17:15:00,2026-07-24 17:20:00,LONG,UNKNOWN,WIN,2.0,1,2.6900000000000546
2026-07-27 08:05:00,2026-07-27 08:50:00,2026-07-27 08:55:00,SHORT,UNKNOWN,LOSS,-1.0,1,2.3399999999996908
2026-07-27 08:45:00,2026-07-27 09:30:00,2026-07-27 09:35:00,LONG,UNKNOWN,WIN,2.0,1,1.7149999999996908
2026-07-27 10:00:00,2026-07-27 11:55:00,2026-07-27 12:00:00,SHORT,UNKNOWN,WIN,2.0,1,1.305000000000291
2026-07-28 05:40:00,2026-07-28 07:10:00,2026-07-28 07:15:00,LONG,UNKNOWN,WIN,2.0,1,1.6399999999998727
2026-07-28 11:00:00,2026-07-28 11:55:00,2026-07-28 12:25:00,SHORT,UNKNOWN,WIN,2.0,6,2.1599999999998545
2026-07-28 22:30:00,2026-07-29 01:25:00,2026-07-29 01:30:00,SHORT,UNKNOWN,WIN,2.0,1,4.160000000000309
2026-07-30 18:10:00,2026-07-30 20:25:00,2026-07-30 20:30:00,LONG,UNKNOWN,WIN,2.0,1,1.464999999999236
2026-07-31 08:50:00,2026-07-31 09:30:00,2026-07-31 10:25:00,LONG,UNKNOWN,LOSS,-1.0,11,3.4050000000002
2026-08-03 13:50:00,2026-08-03 14:45:00,2026-08-03 14:50:00,LONG,UNKNOWN,WIN,2.0,1,3.7800000000002
2026-08-03 14:50:00,2026-08-03 15:55:00,2026-08-03 16:00:00,SHORT,UNKNOWN,LOSS,-1.0,1,2.5
2026-08-04 03:05:00,2026-08-04 04:35:00,2026-08-04 04:40:00,SHORT,UNKNOWN,LOSS,-1.0,1,1.2649999999998727
2026-08-05 01:35:00,2026-08-05 02:30:00,2026-08-05 03:00:00,SHORT,UNKNOWN,LOSS,-1.0,6,2.3099999999999454
2026-08-06 08:30:00,2026-08-06 08:45:00,2026-08-06 09:35:00,LONG,UNKNOWN,LOSS,-1.0,10,6.114999999999782
2026-08-06 15:30:00,2026-08-06 15:55:00,2026-08-06 16:05:00,SHORT,UNKNOWN,WIN,2.0,2,8.860000000000582
2026-08-06 22:10:00,2026-08-06 22:25:00,2026-08-06 22:30:00,SHORT,UNKNOWN,WIN,2.0,1,4.170000000000073
2026-08-07 02:30:00,2026-08-07 03:20:00,2026-08-07 03:25:00,SHORT,UNKNOWN,WIN,2.0,1,4.199999999999818
2026-08-07 07:40:00,2026-08-07 08:20:00,2026-08-07 08:25:00,LONG,UNKNOWN,LOSS,-1.0,1,1.1900000000005093
2026-08-07 07:40:00,2026-08-07 08:40:00,2026-08-07 08:45:00,LONG,UNKNOWN,WIN,2.0,1,2.5200000000004366
2026-08-10 16:30:00,2026-08-10 17:10:00,2026-08-10 17:20:00,SHORT,UNKNOWN,LOSS,-1.0,2,4.864999999999782
2026-08-11 04:00:00,2026-08-11 04:35:00,2026-08-11 04:45:00,LONG,UNKNOWN,WIN,2.0,2,3.2999999999992724
2026-08-11 04:00:00,2026-08-11 05:05:00,2026-08-11 05:10:00,LONG,UNKNOWN,WIN,2.0,1,3.75
2026-08-12 01:00:00,2026-08-12 01:20:00,2026-08-12 01:25:00,LONG,UNKNOWN,WIN,2.0,1,0.8649999999997817
2026-08-12 01:00:00,2026-08-12 01:55:00,2026-08-12 02:00:00,LONG,UNKNOWN,LOSS,-1.0,1,2.144999999999527
2026-08-12 08:05:00,2026-08-12 09:45:00,2026-08-12 09:55:00,SHORT,UNKNOWN,LOSS,-1.0,2,2.7950000000000728
2026-08-12 15:00:00,2026-08-12 15:35:00,2026-08-13 01:00:00,LONG,UNKNOWN,LOSS,-1.0,89,25.044999999999163
2026-08-13 14:10:00,2026-08-13 14:30:00,2026-08-13 14:40:00,SHORT,UNKNOWN,WIN,2.0,2,2.7600000000002183
2026-08-14 01:00:00,2026-08-14 02:00:00,2026-08-14 02:05:00,LONG,UNKNOWN,WIN,2.0,1,1.3500000000003638
2026-08-17 01:00:00,2026-08-17 02:15:00,2026-08-17 02:20:00,LONG,UNKNOWN,LOSS,-1.0,1,1.0300000000006548
2026-08-17 08:10:00,2026-08-17 08:35:00,2026-08-17 08:40:00,LONG,UNKNOWN,WIN,2.0,1,3.139999999999418
2026-08-17 12:45:00,2026-08-17 13:30:00,2026-08-17 14:05:00,LONG,UNKNOWN,WIN,2.0,7,2.5200000000004366
2026-08-18 08:30:00,2026-08-18 09:25:00,2026-08-18 10:25:00,LONG,UNKNOWN,WIN,2.0,12,4.289999999999964
2026-08-20 01:00:00,2026-08-20 01:40:00,2026-08-20 01:45:00,SHORT,UNKNOWN,WIN,2.0,1,1.1700000000000728
2026-08-20 06:10:00,2026-08-20 07:00:00,2026-08-20 07:20:00,LONG,UNKNOWN,LOSS,-1.0,4,1.6649999999999636
2026-08-24 02:55:00,2026-08-24 03:35:00,2026-08-24 05:05:00,SHORT,UNKNOWN,LOSS,-1.0,18,16.404999999999745
2026-08-24 08:30:00,2026-08-24 09:25:00,2026-08-24 09:30:00,LONG,UNKNOWN,WIN,2.0,1,3.4000000000005457
2026-08-24 13:45:00,2026-08-24 15:30:00,2026-08-24 15:35:00,LONG,UNKNOWN,WIN,2.0,1,2.7150000000001455
2026-08-24 15:30:00,2026-08-24 16:35:00,2026-08-24 16:40:00,LONG,UNKNOWN,LOSS,-1.0,1,2.925000000000182
2026-08-25 14:45:00,2026-08-25 15:25:00,2026-08-25 15:35:00,SHORT,UNKNOWN,WIN,2.0,2,3.3599999999996726
2026-08-25 20:05:00,2026-08-25 21:00:00,2026-08-25 21:10:00,LONG,UNKNOWN,WIN,2.0,2,1.7799999999997453
2026-08-26 01:00:00,2026-08-26 02:20:00,2026-08-26 02:40:00,LONG,UNKNOWN,LOSS,-1.0,4,1.7700000000004366
2026-08-26 15:00:00,2026-08-26 15:55:00,2026-08-26 16:00:00,SHORT,UNKNOWN,WIN,2.0,1,5.405000000000655
2026-08-28 08:25:00,2026-08-28 09:05:00,2026-08-28 09:15:00,SHORT,UNKNOWN,LOSS,-1.0,2,3.134999999999309
2026-08-28 15:20:00,2026-08-28 15:45:00,2026-08-28 16:05:00,SHORT,UNKNOWN,LOSS,-1.0,4,4.829999999999927
2026-08-28 15:35:00,2026-08-28 16:30:00,2026-08-28 16:35:00,LONG,UNKNOWN,WIN,2.0,1,3.7100000000000364
2026-08-31 21:25:00,2026-08-31 22:10:00,2026-08-31 22:20:00,LONG,UNKNOWN,WIN,2.0,2,2.3850000000002183
2026-09-01 07:40:00,2026-09-01 09:25:00,2026-09-01 09:30:00,LONG,UNKNOWN,WIN,2.0,1,1.230000000000473
2026-09-01 14:45:00,2026-09-01 15:25:00,2026-09-01 15:30:00,SHORT,UNKNOWN,WIN,2.0,1,5.735000000000582
2026-09-02 09:10:00,2026-09-02 09:50:00,2026-09-02 10:05:00,SHORT,UNKNOWN,LOSS,-1.0,3,3.944999999999709
2026-09-02 13:50:00,2026-09-02 14:05:00,2026-09-02 14:10:00,LONG,UNKNOWN,WIN,2.0,1,2.569999999999709
2026-09-03 09:20:00,2026-09-03 10:05:00,2026-09-03 10:20:00,LONG,UNKNOWN,WIN,2.0,3,2.8649999999997817
2026-09-04 03:45:00,2026-09-04 04:35:00,2026-09-04 04:40:00,SHORT,UNKNOWN,WIN,2.0,1,2.319999999999709
2026-09-09 06:55:00,2026-09-09 07:30:00,2026-09-09 08:00:00,LONG,UNKNOWN,WIN,2.0,6,3.6599999999998545
2026-09-09 22:35:00,2026-09-10 01:25:00,2026-09-10 01:30:00,LONG,UNKNOWN,WIN,2.0,1,2.1950000000006185
2026-09-10 03:00:00,2026-09-10 03:45:00,2026-09-10 03:50:00,LONG,UNKNOWN,WIN,2.0,1,2.875
2026-09-10 07:40:00,2026-09-10 09:20:00,2026-09-10 09:25:00,LONG,UNKNOWN,WIN,2.0,1,2.2799999999997453
2026-09-10 15:35:00,2026-09-10 16:30:00,2026-09-10 16:35:00,LONG,UNKNOWN,WIN,2.0,1,4.824999999999818
2026-09-11 15:30:00,2026-09-11 15:40:00,2026-09-11 15:55:00,LONG,UNKNOWN,WIN,2.0,3,31.06999999999971
2026-09-14 04:00:00,2026-09-14 04:50:00,2026-09-14 04:55:00,LONG,UNKNOWN,WIN,2.0,1,4.734999999999673
2026-09-15 16:50:00,2026-09-15 18:55:00,2026-09-15 19:00:00,SHORT,UNKNOWN,WIN,2.0,1,3.3200000000006185
2026-09-15 21:40:00,2026-09-15 22:15:00,2026-09-15 22:40:00,SHORT,UNKNOWN,WIN,2.0,5,4.375
2026-09-16 07:20:00,2026-09-16 08:15:00,2026-09-16 08:20:00,SHORT,UNKNOWN,LOSS,-1.0,1,0.6799999999993815
2026-09-17 07:45:00,2026-09-17 08:30:00,2026-09-17 08:45:00,SHORT,UNKNOWN,LOSS,-1.0,3,4.4099999999998545
